datetime,access1-0_rcp85,bcc-csm1-1_rcp85,bcc-csm1-1-m_rcp85,canesm2_rcp85,ccsm4_rcp85,cesm1-bgc_rcp85,cesm1-cam5_rcp85,cmcc-cm_rcp85,cnrm-cm5_rcp85,csiro-mk3-6-0_rcp85,fgoals-g2_rcp85,fio-esm_rcp85,gfdl-cm3_rcp85,gfdl-esm2g_rcp85,gfdl-esm2m_rcp85,giss-e2-r_rcp85,hadgem2-ao_rcp85,hadgem2-cc_rcp85,hadgem2-es_rcp85,inmcm4_rcp85,ipsl-cm5a-mr_rcp85,ipsl-cm5b-lr_rcp85,miroc5_rcp85,miroc-esm_rcp85,miroc-esm-chem_rcp85,mpi-esm-lr_rcp85,mpi-esm-mr_rcp85,mri-cgcm3_rcp85,noresm1-m_rcp85,count
1951-10-01,,,,,,,,,,,,,,,,,,,,,,,,,,,,,,0.0
1952-10-01,,,,,,,,,,,,,,,,,,,,,,,,,,,,,,0.0
1953-10-01,,,,,,,,,,,,,,,,,,,,,,,,,,,,,,0.0
1954-10-01,,,,,,,,,,,,,,,,,,,,,,,,,,,,,,0.0
1955-10-01,,,,,,,,,,,,,,,,,,,,,,,,,,,,,,0.0
1956-10-01,,,,,,,,,,,,,,,,,,,,,,,,,,,,,,0.0
1957-10-01,,,,,,,,,,,,,,,,,,,,,,,,,,,,,,0.0
1958-10-01,,,,,,,,,,,,,,,,,,,,,,,,,,,,,,0.0
1959-10-01,,,,,,,,,,,,,,,,,,,,,,,,,,,,,,0.0
1960-10-01,,,,,,,,,,,,,,,,,,,,,,,,,,,,,,0.0
1961-10-01,,,,,,,,,,,,,,,,,,,,,,,,,,,,,,0.0
1962-10-01,,,,,,,,,,,,,,,,,,,,,,,,,,,,,,0.0
1963-10-01,,,,,,,,,,,,,,,,,,,,,,,,,,,,,,0.0
1964-10-01,,,,,,,,,,,,,,,,,,,,,,,,,,,,,,0.0
1965-10-01,,,,,,,,,,,,,,,,,,,,,,,,,,,,,,0.0
1966-10-01,,,,,,,,,,,,,,,,,,,,,,,,,,,,,,0.0
1967-10-01,,,,,,,,,,,,,,,,,,,,,,,,,,,,,,0.0
1968-10-01,,,,,,,,,,,,,,,,,,,,,,,,,,,,,,0.0
1969-10-01,,,,,,,,,,,,,,,,,,,,,,,,,,,,,,0.0
1970-10-01,,,,,,,,,,,,,,,,,,,,,,,,,,,,,,0.0
1971-10-01,,,,,,,,,,,,,,,,,,,,,,,,,,,,,,0.0
1972-10-01,,,,,,,,,,,,,,,,,,,,,,,,,,,,,,0.0
1973-10-01,,,,,,,,,,,,,,,,,,,,,,,,,,,,,,0.0
1974-10-01,,,,,,,,,,,,,,,,,,,,,,,,,,,,,,0.0
1975-10-01,,,,,,,,,,,,,,,,,,,,,,,,,,,,,,0.0
1976-10-01,,,,,,,,,,,,,,,,,,,,,,,,,,,,,,0.0
1977-10-01,,,,,,,,,,,,,,,,,,,,,,,,,,,,,,0.0
1978-10-01,,,,,,,,,,,,,,,,,,,,,,,,,,,,,,0.0
1979-10-01,,,,,,,,,,,,,,,,,,,,,,,,,,,,,,0.0
1980-10-01,,,,,,,,,,,,,,,,,,,,,,,,,,,,,,0.0
1981-10-01,,,,,,,,,,,,,,,,,,,,,,,,,,,,,,0.0
1982-10-01,,,,,,,,,,,,,,,,,,,,,,,,,,,,,,0.0
1983-10-01,,,,,,,,,,,,,,,,,,,,,,,,,,,,,,0.0
1984-10-01,,,,,,,,,,,,,,,,,,,,,,,,,,,,,,0.0
1985-10-01,,,,,,,,,,,,,,,,,,,,,,,,,,,,,,0.0
1986-10-01,,,,,,,,,,,,,,,,,,,,,,,,,,,,,,0.0
1987-10-01,,,,,,,,,,,,,,,,,,,,,,,,,,,,,,0.0
1988-10-01,,,,,,,,,,,,,,,,,,,,,,,,,,,,,,0.0
1989-10-01,,,,,,,,,,,,,,,,,,,,,,,,,,,,,,0.0
1990-10-01,,,,,,,,,,,,,,,,,,,,,,,,,,,,,,0.0
1991-10-01,,,,,,,,,,,,,,,,,,,,,,,,,,,,,,0.0
1992-10-01,,,,,,,,,,,,,,,,,,,,,,,,,,,,,,0.0
1993-10-01,,,,,,,,,,,,,,,,,,,,,,,,,,,,,,0.0
1994-10-01,,,,,,,,,,,,,,,,,,,,,,,,,,,,,,0.0
1995-10-01,,,,,,,,,,,,,,,,,,,,,,,,,,,,,,0.0
1996-10-01,,,,,,,,,,,,,,,,,,,,,,,,,,,,,,0.0
1997-10-01,,,,,,,,,,,,,,,,,,,,,,,,,,,,,,0.0
1998-10-01,,,,,,,,,,,,,,,,,,,,,,,,,,,,,,0.0
1999-10-01,,,,,,,,,,,,,,,,,,,,,,,,,,,,,,0.0
2000-10-01,0.8125442421429714,0.40068501598385964,0.9689084520366499,0.5481359600443662,0.8711534635980339,0.8630543080293445,0.7921184340421883,0.8047477098945854,0.5506889845045735,0.5113422974837184,0.16281172440945166,0.6364083448278084,0.5623916297354901,0.39608483654059523,0.4507748349989714,0.572785346043658,0.8554043860684006,0.25598571177183155,0.8127204329659681,0.5199186908529307,0.9960053977656586,0.9697624469443896,0.2954230364998304,0.6420619098825215,0.386662786940417,0.767290585492454,0.9705271590129787,0.7308475358620189,0.8488336294332104,0.0
2001-10-01,0.9004032659666321,0.40444878617097246,0.9961784944475132,0.39500333609844407,0.8185734144458404,0.7559070163117649,0.9569575096092113,0.5991257927151101,0.41571405383668325,0.42613505939341834,0.1966171883137431,0.6259335977223772,0.5770163023031557,0.18846565893859257,0.6008207418601932,0.40104062704688526,0.7430020088688203,0.3002894155538299,0.8502199732628227,0.5317277747248931,0.6472772332049561,0.7602534125715255,0.34588564582652925,0.4740128248157096,0.3216486840656185,0.7748093710455574,0.8084627853589547,0.46805606502075725,0.6536988157746588,0.0
2002-10-01,0.9011104519538726,0.6327426511751113,0.994609771293154,0.2627278300585267,0.7962544010746423,0.9045561369044217,0.9616226999466705,0.44017894684603043,0.48925778001460973,0.3665791685888743,0.13359947342485268,0.5606675406687729,0.8643436268248523,0.10378015309908818,0.5346649073608545,0.4807085030261494,0.5261534379877412,0.29067328609937004,0.88834123471538,0.5295003795667547,0.4142086936652588,0.6647426009163135,0.3467004199556677,0.4601985805406217,0.3248135601544355,0.7492420925622857,0.7657466614574098,0.4164844038873532,0.7536384569807133,0.0
2003-10-01,0.9948791046132982,0.46652508552458705,0.8941392539024119,0.14992392643333297,0.7460167902273052,0.8680547080165243,0.7175846762669089,0.48216200847475366,0.27618047364350534,0.34030111014040987,0.1284362260900187,0.5623057194740312,0.9289420959095752,0.1139057155303053,0.4499304189000328,0.708660733575489,0.4871728095510165,0.4335612796032149,0.7943904605987054,0.6214434346959861,0.4381853793072209,0.5374940449611718,0.4638275829212132,0.522114284413018,0.2902958490153059,0.6202914645485245,0.5837010377766008,0.39770235152758215,0.880879867878885,0.0
2004-10-01,0.9304847086003412,0.7033088560532811,0.8450196862431869,0.14383629090365097,0.8358547668498613,0.843624992903808,0.6094343368561423,0.660972442535479,0.09167441390436226,0.3556159116668567,0.14959513090030005,0.43323548336019846,0.7220630168437787,0.09885724459158657,0.4519084832121134,0.794074188182005,0.4861359642361227,0.4186566116156881,0.448903797632757,0.6806839299904011,0.46609779977692156,0.5536554937911262,0.5568144290738232,0.5293247993164771,0.3180902105084769,0.6021938209552944,0.5122697606676941,0.3043197619884225,0.6675376155349279,0.0
2005-10-01,0.9220878933211033,0.786346537216982,0.8912377088490673,0.14747671978331275,0.9871338025390369,0.9357963914327816,0.7066970421473826,0.7035642360833605,0.06084505973723975,0.29343785285708884,0.1520331416222975,0.6564508901134394,0.8506035911797734,0.07078469787300752,0.4694810159315288,0.8313402171755759,0.3777399435711408,0.30332917456735614,0.5365312678132589,0.9156527803132113,0.4215714802045918,0.3724742505785388,0.9279776523229798,0.5765709241078769,0.30794480687412823,0.5984046957719874,0.48026574803493793,0.2868525145932261,0.4416140810518737,0.0
2006-10-01,0.9561737287802252,0.6645525193511597,0.8156178505412374,0.04271853123998855,0.8903846752354861,0.8772162243145385,0.4949887362276866,0.7030766948098601,0.030375246574965757,0.34077147765080806,0.16150343968326986,0.6941373330858835,0.7686849629726735,0.027858677702148157,0.5347621888084124,0.8622020182882203,0.4013144685805712,0.30225664008307335,0.9586701065905954,0.9711340978033756,0.3963463179114005,0.38397598235579256,0.9582997198560618,0.4753585431312831,0.23992651954748215,0.4048816208527001,0.6874191774153829,0.28826420981078,0.484220646994978,3.0
2007-10-01,0.917746785473961,0.7989010563193379,0.8505025445844239,0.043382758332194224,0.8743252876981538,0.5613663085252092,0.4547421032136181,0.5600432798381996,0.023419926025665862,0.4181115051243789,0.26532921021882033,0.6565747878651802,0.6186368043446809,0.008736652095674839,0.444727649307863,0.9616563000678023,0.4033404154803425,0.29171513352780104,0.7753043274017668,0.9029126933228033,0.4129007737443372,0.2682447434290491,0.9649854833158045,0.5281639883457305,0.26760397264002667,0.7848770778888456,0.5301603247886402,0.4320038304888588,0.32893818529254626,3.0
2008-10-01,0.7698843969169076,0.6962805913360877,0.4145120258935422,0.06692769171270303,0.8548867962751329,0.66042014864414,0.3376901269080791,0.7183155415858,0.02420901417439948,0.35384151530589014,0.2999600260306103,0.6510677996735312,0.5189525153211375,0.0041659953792665015,0.3757094116233116,0.9298795381775917,0.28890085653113307,0.35707754896288235,0.7242043536054104,0.7583800947917269,0.42831791995223867,0.29102639712460215,0.9347234637885834,0.3350110679577546,0.12255521576120879,0.6580462734196175,0.576727673727217,0.3715771242091881,0.28453913427719196,2.0
2009-10-01,0.832100365256071,0.6269228577566357,0.49440456135552635,0.12595664182828287,0.9706258726148265,0.8046157837161014,0.35589665421883176,0.7543303667989049,0.01986184845555171,0.3519994983408402,0.27836770693422813,0.9981997923954471,0.7605750504566673,0.0027292449286752704,0.375618886269272,0.8641150713225251,0.25395826946544336,0.45577886554045266,0.6333440242552384,0.49413594366259617,0.22315160638444956,0.28521574586170156,0.9451515103636172,0.31852341648608723,0.13604724039938917,0.6490871881556355,0.7015869822945108,0.3650936101826059,0.195823405766353,2.0
2010-10-01,0.7427234929585717,0.5413665151377329,0.5997417712917721,0.11095003544891767,0.9886753476046667,0.814840034154834,0.24770676848456544,0.5166120450285823,0.05018594663029101,0.35500482309768044,0.2445223290610178,0.9328626864822849,0.756031008416326,0.003935153449821897,0.33973542735807427,0.6968951432451183,0.22278614618608775,0.5227227335322062,0.36898056672036417,0.3621708034185013,0.2783195232307134,0.2698372082459576,0.6530422568558434,0.45983135861962443,0.13959059385191805,0.7080879768160717,0.8731460073184241,0.2686532875094957,0.3001780682902103,1.0
2011-10-01,0.6350221969139014,0.3477835086325497,0.6466621524087182,0.05866808175003545,0.9528906254881985,0.5369236763929602,0.24281030037143478,0.4595613404142699,0.03170663924747326,0.721401944894516,0.24216021714265876,0.7870405280235447,0.7886011738531747,0.00509959277295728,0.43559887722149604,0.5025389304538115,0.20412275027167193,0.33819866452005776,0.39571619269890856,0.42370629533370796,0.17296465623841853,0.3206537936340869,0.5310115751857845,0.5504741100102964,0.22510561569414214,0.6938360535816923,0.9304371037125331,0.36575003716977916,0.25073336145197755,2.0
2012-10-01,0.6505378398485733,0.36896095191865297,0.8419291454644104,0.046797393968395,0.8027290959572759,0.318763682036262,0.2999922771682877,0.30023783483951755,0.024704928069720408,0.5855052642418906,0.25286296010762654,0.9570090383625577,0.717825750345667,0.005382898270247158,0.4329891832289725,0.40093512030727974,0.21315754016400934,0.3482628436984434,0.34438540005503293,0.5795054203339998,0.1824221874907149,0.13842702372802212,0.5928150247043629,0.42715709741517693,0.23928508199267562,0.6515654670660485,0.8635030324500237,0.3870663938319461,0.1431774341487976,3.0
2013-10-01,0.5060310106851632,0.2725868857425379,0.8973476243490724,0.04930505728974899,0.7213251493259208,0.3266452920620925,0.3382863198546687,0.1799426112879179,0.021571990692242863,0.5052032954806598,0.3024103179816686,0.8981014958648335,0.7163442442055443,0.005722093513083135,0.26817890243579084,0.4173358943403741,0.2375016860576345,0.3837081988422819,0.3707011919903863,0.7308366195215523,0.1255691105111307,0.07769913549049245,0.9407804381512881,0.31572404133792203,0.16988744436041076,0.47832134471760623,0.9394696952059661,0.35044302563592034,0.09838264976681775,3.0
2014-10-01,0.48676909157751835,0.2880044020010072,0.8947610442532468,0.024990767265902877,0.7316925300584862,0.40212164304266074,0.4879157822571001,0.2922891251613924,0.021023295178076905,0.6143769346114164,0.19393327745563915,0.9739039659691496,0.7851985282279818,0.0036615340583308286,0.22748505799532187,0.5939834200488725,0.39947655922063596,0.19042653438736412,0.45731040470094797,0.6091984787483256,0.1460141513217244,0.07433847764185089,0.6568212176774599,0.39114419715348925,0.11396138889653275,0.5368056207862651,0.8162366329541526,0.32595163111330694,0.1082513715965655,3.0
2015-10-01,0.5556108182804487,0.25584082008720105,0.7981817890549495,0.031453719796536106,0.6108695678509142,0.44326508790423425,0.34265655639422776,0.22415226528957144,0.02749667355069992,0.49009450299379065,0.21070291499512228,0.694827202781356,0.7764112602596571,0.003706329839070441,0.24921712663496667,0.6606540342112919,0.34069199966550157,0.13072981767577024,0.56948355427928,0.6304472369784415,0.07685653267824527,0.10496862012955405,0.4133967282249549,0.4363236902150205,0.039940090952956954,0.6110409611401729,0.651398030873424,0.2977281207025702,0.2234257143171486,4.0
2016-10-01,0.7634084945721811,0.08428972767003862,0.8707230649639829,0.03777577112870964,0.6061052165112034,0.49982390900052576,0.24100497137650656,0.19439534362589375,0.03667999152513814,0.4076139380446373,0.32599493947655145,0.8791109197086423,0.710865939666735,0.004555369314525034,0.27752799087183155,0.876891445544822,0.3120551371446625,0.08626449722245048,0.5198298781484394,0.7458378975073076,0.11722484738169124,0.1274816875600734,0.2180842828964065,0.35242843372541155,0.03670280940611857,0.7054318396857655,0.776483494507039,0.26585766488390117,0.18774865717777728,4.0
2017-10-01,0.77622057340477,0.049760868367295846,0.9582809193701649,0.03432998403057811,0.7110588095252008,0.4854147363995215,0.16817618674204232,0.2496906932884437,0.046648587123759855,0.49669104913018547,0.3723924567991057,0.830160422477708,0.6393551232653307,0.0032527974424561667,0.1704576159219347,0.9781680864592923,0.269356791951958,0.081931346150933,0.45435821304565904,0.6595829746720298,0.144414744271795,0.1663283167869483,0.19357321544384293,0.2573790893363174,0.04942909043390674,0.5805893616463751,0.5161735453765048,0.3474583470638215,0.15209786102427897,5.0
2018-10-01,0.6242722372371983,0.038055531721521735,0.9426389972346153,0.028923264179182732,0.8487703969264381,0.5869381870119463,0.21483547442069006,0.2313558917008786,0.06464386844845837,0.4763953694396028,0.4648120855012966,0.8682261557647784,0.3603270125494302,0.005326911921295417,0.1779437463822835,0.9607451576494105,0.23909838072562725,0.09613210202126725,0.29722459758859543,0.6197510734126151,0.1817486768912844,0.17434195948611234,0.15397220851789173,0.17856277026836834,0.062341475807118574,0.36159059436520236,0.48619301944848636,0.5282929643769618,0.06339047551992318,3.0
2019-10-01,0.5658358226625396,0.024696873654617892,0.8189639053359155,0.015871584122405153,0.7716979612164845,0.6120137559422596,0.2096918655315663,0.22390377743047557,0.09119353141432025,0.4490720358667709,0.509954578741669,0.939346420677355,0.35102068686333476,0.007874549139892113,0.13792532339758629,0.9578827281429241,0.3001760725829208,0.08859454714632062,0.1889949663663167,0.4052978515871912,0.1900102872160304,0.1604968311445815,0.11270142242596393,0.1508483141064187,0.06420895466289837,0.3118491170579699,0.4340470860262241,0.758810495518503,0.028368291261987696,4.0
2020-10-01,0.3370614328113939,0.022166269946748016,0.8349367654408311,0.014367066340839674,0.710171657763137,0.6952778046496282,0.2466931313723497,0.23430683022774607,0.09854227018465611,0.43675046059019484,0.48847420143920106,0.8096952971346387,0.37893199169423886,0.007852425032378398,0.1320236245997139,0.96524448107231,0.43419047048472703,0.06174650949987665,0.21772033908696553,0.4325650939025315,0.18182961726696384,0.09897878112876138,0.07816847360663076,0.1652717732409893,0.08852348212831668,0.2065092141129716,0.5292925760884021,0.4983395680585315,0.02724734984007618,4.0
2021-10-01,0.30398780220443566,0.025175955622226034,0.8128871178995952,0.02120411259187902,0.4315900044656753,0.6529574334629777,0.20164411754307934,0.4645026570537256,0.10952870321642035,0.2450689067741653,0.4249820552325644,0.8375186788233177,0.261856541995456,0.011628640545366204,0.07659255184734547,0.8993904409441345,0.4299590995562653,0.06245869110495477,0.13435122865213533,0.45748856438446417,0.1949068331308579,0.1441251014545242,0.08645788769160086,0.15828911377095278,0.042754135606572485,0.20270078378607273,0.43075313083377975,0.5757735673124009,0.03671398631349622,5.0
2022-10-01,0.3099505181552072,0.023230780599739004,0.8604842495050384,0.022749389322727003,0.2805780777356176,0.6695213899548494,0.14013308705802013,0.47937436412616485,0.08807789786823496,0.17525603327877834,0.644189369642066,0.8146357053686425,0.2828497383027428,0.010899931776344345,0.07959790286625087,0.9872557586045192,0.2348669596949496,0.07250038186729005,0.11136988013536839,0.2751587838925101,0.13940314470187778,0.14424351279907452,0.023673014362803464,0.15772560940027613,0.051102520451183533,0.22005983422164466,0.2907343419181468,0.34018139738444186,0.0446224653874456,5.0
2023-10-01,0.30129894479478925,0.012349625616378538,0.8016758081982541,0.010427311570201865,0.2695768449898028,0.44264968982162967,0.11930416918584189,0.4484198737789412,0.08328032843536316,0.15755897061930343,0.5731421165581732,0.6922125146685638,0.30857974330891497,0.012388970939660354,0.07104094362813591,0.7880003420745415,0.13580913002390663,0.07233982647100284,0.08612538542116902,0.31900482395395224,0.09848255691848702,0.19796037061915567,0.0438085365193046,0.2138429445198202,0.04609157847936847,0.1092186582905931,0.32533235817255857,0.35896347907586124,0.04452924709148156,6.0
2024-10-01,0.40500914119097076,0.010190614368777584,0.8817064391976733,0.010766805086749237,0.3492339469936234,0.27849751497716524,0.1782423476223175,0.2579085784006447,0.045233203039394,0.20982919151025745,0.6830180164879056,0.6827798040498666,0.2654521976351324,0.010120417606152059,0.05379057151945833,0.8397875463951696,0.15829517304100893,0.07527119619971885,0.09714274701634214,0.19058760803142305,0.10301432502131268,0.1300570264405805,0.02709325667550432,0.07801157390745526,0.042446803230814484,0.07522544490568314,0.287322486116727,0.3395555645054392,0.06234180629183732,6.0
2025-10-01,0.5387613080749765,0.004002935653388548,0.8182748887857965,0.012833958019651537,0.49987283594591025,0.32365101386499984,0.1476023340609571,0.34774553650045525,0.04394107476580573,0.19068861375619658,0.4622346748358762,0.6658206418371244,0.32672925987535295,0.008533671720782112,0.10879102041042686,0.9605350130843315,0.24777161928491198,0.03433726895723577,0.04921597583563011,0.1563529723464696,0.04705678133978456,0.1470196058840125,0.023149384688499496,0.11667967480607176,0.030167310342509874,0.08108744398726776,0.4138386598134638,0.3373456252171251,0.06280550269579027,9.0
2026-10-01,0.6542745665212067,0.004808315004440537,0.9493367184804278,0.01396825509939944,0.5161969830336438,0.3071023757986794,0.15497784832700504,0.2391548999311398,0.03780019677767683,0.1515576108977671,0.5730926906350744,0.49336761529453366,0.25338409227057557,0.01112851125998062,0.23870072377644427,0.8436898675369433,0.21516232698930857,0.09245665421146614,0.03187548694453642,0.16504709569646003,0.06148614096133357,0.19261872262946572,0.0283190922192494,0.046561714998387835,0.03565618835611861,0.03822638394281258,0.32759485314468495,0.4153724343929309,0.05749124305352698,9.0
2027-10-01,0.5828529426951512,0.0028579827567605195,0.9767091842068623,0.015407242074786187,0.4017246290726798,0.35905744136449946,0.15233018824569194,0.3777280944112271,0.04391952455953154,0.12343480533688984,0.9455002431135485,0.21170419552974382,0.20503672079345314,0.011664217766849148,0.16840601378938047,0.9715638117815592,0.21023829333972663,0.08819219906659082,0.01774085036924358,0.16090201882065147,0.0302103473819383,0.15688671821355946,0.028400230501356562,0.03897835162070694,0.05429464635611697,0.08829870908871561,0.362989042322415,0.5173150262040961,0.12681397995756624,8.0
2028-10-01,0.6680749585743829,0.0029678509175022835,0.8477702730779173,0.014454873683593463,0.49735015862518506,0.5191296532593395,0.19762663886982756,0.4499738579234507,0.04927406960860391,0.16202243510317269,0.9392464138175058,0.21904675789013697,0.1815125937826705,0.008764725968283007,0.15015558828448383,0.9681215606353271,0.13273812394227835,0.0918665686792766,0.012855383424793056,0.30927408087932323,0.02561319327053886,0.22586548484616337,0.03371353917366098,0.05147590263612888,0.055521549708188456,0.042112209751482076,0.2651104870976497,0.30267653380711995,0.0888565488485783,8.0
2029-10-01,0.5687292912278069,0.0028787711528926244,0.9134221242484141,0.01074195315231276,0.4549050939361703,0.418767283673109,0.18218117357746316,0.3730198486959644,0.0669002168582674,0.1863431993067682,0.8471248488499751,0.13463840350605408,0.28793074508454264,0.011798251359920015,0.11894590601176208,0.9360065629997807,0.15785340598403788,0.05952300377880061,0.01606747224844298,0.45515768524636413,0.026662301475136714,0.2272267811331389,0.0296982426647135,0.045627536162785726,0.04633229601968496,0.03560143314312879,0.18835416901179658,0.27812347708956114,0.09250824727608184,9.0
2030-10-01,0.38467679577149505,0.003874279074740018,0.9424200871986506,0.013069491745486817,0.3520854374545854,0.641370485036437,0.19555504503849075,0.5064168766412823,0.14023554623164988,0.19543934456486733,0.8092804749449455,0.1039640121590137,0.2889954470741898,0.013968913012304055,0.17995098347848162,0.9244316600453937,0.23190325326723957,0.05568951859394224,0.008208764484094792,0.6333692557287104,0.049638210790123545,0.22107140051414154,0.032957827194273155,0.05428629044535585,0.05352264982543366,0.04439030316092274,0.17790770386977642,0.12535984738270955,0.030633795774062746,8.0
2031-10-01,0.42564835378112986,0.002734888784259693,0.9916457265533494,0.04066903974479002,0.1560618236467815,0.3682692403450879,0.0660166006689288,0.5301542903499459,0.2300266992967384,0.14207702238071437,0.7333754400094831,0.21823620866116733,0.3657685672873249,0.009876394765623873,0.06309661417793433,0.937782685283258,0.23056653253218123,0.05961661147479463,0.008071724066577992,0.6962026450699672,0.04924209357523985,0.1446149683314991,0.04060891357757769,0.06528600286843639,0.05119124035646499,0.08701517531250565,0.2685486364647425,0.22683502800019434,0.02729319112450476,7.0
2032-10-01,0.38222827068352816,0.003051515630428458,0.9886292557386138,0.059986837032334386,0.13714619322954283,0.42100703431892816,0.06938200694322637,0.45578418366574114,0.16556608119498667,0.14969165717842056,0.5797336833627538,0.2119305311770599,0.17408716299471222,0.01201863905106953,0.058445953048394686,0.9746724486117748,0.22690159544781172,0.056227393290011835,0.011278083503225945,0.8031898193435542,0.06526537177805238,0.14478462029869088,0.01918731849275542,0.05637362813867129,0.07896403358248949,0.08649456684065313,0.25667599413356473,0.2614639808138902,0.028599431497050166,5.0
2033-10-01,0.4158424351230875,0.00038830165513010524,0.888521765171273,0.04229977441176871,0.28094475625743687,0.3622238242154743,0.07305356386121098,0.305521886500154,0.14657530176669756,0.16260396018306847,0.4667714288211897,0.18936803109598938,0.12664085798929806,0.01632731180744341,0.037472378232008066,0.6812920007050289,0.14725472578982843,0.040589378476768044,0.0064621892619780245,0.7748712233632319,0.0673247057024589,0.07654258114804076,0.033344695065731664,0.06167594114962239,0.07112532719173024,0.12086033283447412,0.2483396243155788,0.24537403611582045,0.00825426183443493,8.0
2034-10-01,0.27716818377220703,0.0003722130479605275,0.765209454949589,0.02259335810969065,0.21509058315346505,0.21845306829444824,0.08204481037334573,0.2210805944942389,0.21402872255091215,0.10160868175439718,0.5049612833269219,0.17743619721370588,0.1138003760814839,0.02042402547800616,0.02280767194171112,0.5090463800933763,0.1044789984812888,0.030988670058070395,0.007344089609894776,0.7495070546138817,0.06856163498634618,0.04899679027881283,0.04350404275554605,0.03254994087039926,0.05829263835957366,0.04916446059043009,0.15912872012365809,0.4982404113974992,0.016387417203998854,11.0
2035-10-01,0.23826838027471056,0.00045903804674523213,0.9120951719154868,0.015164683985944222,0.30044560592227,0.19599006336523953,0.06390560626407019,0.17863168190628562,0.2713644086937559,0.11648844098927383,0.44927666219261075,0.24288984760928228,0.13679664254782656,0.03101036386337001,0.01570099695422573,0.40962088738485947,0.10939802035836281,0.06190477994473238,0.030387851119427708,0.9784999355325381,0.06587675430258254,0.06923229548408286,0.05651992736636418,0.018748219043769717,0.030356892632510565,0.03871353690664574,0.163674835719385,0.5468384083848614,0.024647548116054817,9.0
2036-10-01,0.22446890072220022,9.560972855010945e-05,0.9168704865677927,0.018193777873853716,0.31772754058391467,0.22245452832796345,0.07414367380443257,0.18265308092919574,0.2115062541541064,0.10522052781987787,0.4941613075095027,0.2736322207720514,0.1249989851299157,0.051049923791479886,0.0059601347585050155,0.6703234435235228,0.07673681367715843,0.07691747796811464,0.0685609017619466,0.8685815670903352,0.04995685015489666,0.10356128988569692,0.05887807407390388,0.007064766390441269,0.015036638746265256,0.041220274188674036,0.16195571455595567,0.47892736149978044,0.03324779103714276,8.0
2037-10-01,0.19340592320512637,0.0005292402049343137,0.9946000750174535,0.022467742963185867,0.23130666535907773,0.2336842970900652,0.1414220186468765,0.13413532150415067,0.30625873101189555,0.0656056200010205,0.5994695662954146,0.2848060029400812,0.10244653171766853,0.10203129958427375,0.009145695748407819,0.6257994326300241,0.09345809544107292,0.08411712632606087,0.1093633131842901,0.974236729536964,0.03467738098617495,0.1347310331927455,0.04115986831131749,0.0010467623305523601,0.012216347084483286,0.003538206494698629,0.13157555000482954,0.2868604765090946,0.05782703815666924,8.0
2038-10-01,0.24957043577904273,0.001223720526844796,0.7908141693120955,0.02057729834812087,0.2149102989616881,0.26423950530130313,0.15012245754746983,0.1351478716169335,0.38303123186281685,0.08073171974581426,0.4642185458167116,0.26237748048670995,0.09616418001177866,0.2272075182775396,0.019406123233386825,0.7697749484186753,0.07776395667597003,0.09562322807961833,0.130299521000245,0.5064358356820685,0.02203183063248941,0.13963719879767925,0.0504380703601599,0.0008667092443002127,0.012143964327189812,0.0048801413453205015,0.1239622308349461,0.3588611422602681,0.0497003852798505,8.0
2039-10-01,0.20271715227239193,0.0007264372350679342,0.5575757793920986,0.012701558102628843,0.12626552641489877,0.3058624014718157,0.09612629629859158,0.10792231396356029,0.31173246300275853,0.10071210587547555,0.45810490605250453,0.3834958382847615,0.12246321489806344,0.17457129726704373,0.022522246721844216,0.8332613685421006,0.10071323728131636,0.0861710261959056,0.10514613070548486,0.37442318055116175,0.026125686201088714,0.13435339121839296,0.057994821124123824,0.0006486480155482024,0.006686746872401723,0.004758099014082466,0.15962094389915665,0.44168784509874137,0.03077486569810162,8.0
2040-10-01,0.1978550124236987,0.0003968882095950632,0.5681720778430988,0.013330650602249328,0.1291958235352554,0.3557982099443321,0.07931217694145036,0.153625663433074,0.1699761886484258,0.09536293304827999,0.47113876541006317,0.4108656217175448,0.12957092032480144,0.13571550449934713,0.029190550158612116,0.8404731581166619,0.10347237552200547,0.08236480711307155,0.1373572517312463,0.39943368689385217,0.02215631288372806,0.10807788770373054,0.06884666894147813,0.0003055053872996064,0.004039298156355296,0.0031323729362140755,0.21879023821896632,0.5659356137992662,0.023106711356430873,8.0
2041-10-01,0.1834723517148551,0.0007664633067201324,0.5152440835132653,0.012275881785282324,0.17996506325087472,0.38200144099108657,0.03140372757789563,0.17470449860411721,0.19808906002198598,0.02547977987760794,0.5195833326322377,0.5711666963508444,0.13186104458853892,0.1391798007990112,0.020857197438024912,0.9041514720108792,0.0979032981446676,0.1648129418910242,0.11571578160946776,0.479988199687043,0.02853787241117535,0.06666559426486747,0.07117868480485985,0.00011778259407544267,0.0006104142318545508,0.0019997389455986268,0.37378208849387595,0.6306822918343633,0.02187627690598391,10.0
2042-10-01,0.1954182700587922,0.0008190891202163642,0.5050136908135905,0.010506025315642377,0.14915353562208725,0.7193617673680504,0.03435624504192336,0.1570986101173202,0.21698347489898176,0.02961066503749774,0.5346212619155677,0.3516095165198504,0.08177688326813518,0.152807358546243,0.011501407332368818,0.9244037985890629,0.14736929461913112,0.1255310389996175,0.07378049531511596,0.3729219454617205,0.014395784144089055,0.09461055326913324,0.06330200384668015,0.00010643847564652621,0.0006806574558310799,0.006472138132550304,0.5172266250073909,0.7181351608918055,0.03678650802789736,10.0
2043-10-01,0.10525213885487598,0.0012636450896211147,0.5479325022266177,0.009311329372117112,0.15894511375478262,0.6712952642777761,0.03259593396499881,0.20706917072167125,0.29642991859129125,0.016162415195383823,0.6030745236654325,0.32471110530424996,0.10687543668585858,0.2782946161471171,0.01299762410939446,0.8659641431094683,0.14921001023158806,0.1083794574361889,0.10839658052209841,0.40179267815860154,0.017063592051039703,0.07243881935713345,0.018763967131713157,6.710055331744071e-05,0.0007471752713151858,0.010939370613375562,0.6214121950438927,0.9836281687763897,0.04332850154176066,11.0
2044-10-01,0.07110794544929644,0.0009872114703474335,0.44214229314043163,0.012128094530781789,0.1952237256633146,0.6122529874526383,0.03438524322084127,0.16202250044666971,0.2580800257661079,0.01052214822474601,0.5406454864244155,0.39082423770559593,0.2062391490289512,0.45140323495212686,0.011838287545232194,0.899808933625149,0.10730041396141438,0.10009600196466438,0.07905691380422197,0.3802211954855824,0.01428203205654255,0.07144811367298448,0.01954773372005927,4.0411479174089116e-05,0.000307955080806146,0.00640361510132538,0.7381261340913843,0.8716918708858425,0.033024778088661874,11.0
2045-10-01,0.05539145914605608,0.0008852968141918878,0.5424556817582303,0.007981523860673136,0.20209575046227501,0.6128342967802963,0.043143088612261266,0.18385369540549407,0.20165008475700372,0.013499009240578057,0.615023844704554,0.49458869217712187,0.2779396075575514,0.2649031358069544,0.008647383366244703,0.7381452698820639,0.12786276940445768,0.09243962331022065,0.0527721676284406,0.2800423718666693,0.014884081066134857,0.04689986767028158,0.038269156214284374,1.4947357539983622e-05,0.00017228428426001308,0.002083621768389672,0.7399755421836687,0.8896122141788545,0.018659094658909515,12.0
2046-10-01,0.0695448926371452,0.001456483998182007,0.5808187420477892,0.004959675443146874,0.15809426824063175,0.7471093056411462,0.07808840959613583,0.21901065492568064,0.18027965183756842,0.010343750711908574,0.7086109504729334,0.4661919813700096,0.2902051424935134,0.26870710643680235,0.004483678980317437,0.6529156716230701,0.05423453461893367,0.13775586941945306,0.03641348988092156,0.1576653561676463,0.003508310920827474,0.04159538963499155,0.05935143818331189,3.943945384746996e-05,0.0001011716979296174,0.0010633707930743802,0.544166843003109,0.6337704636548579,0.013088520538874703,11.0
2047-10-01,0.0720529775022543,0.0012568810538375558,0.47685877901268114,0.004783547317698748,0.13185369392629134,0.8195140640499743,0.0704138383726071,0.21656665047919704,0.18732643813122146,0.006285131201317344,0.7020928674783194,0.5621843970555265,0.35151599334200556,0.33142731169701767,0.004107790356066549,0.6252217814053757,0.0535096656577233,0.12473054758321218,0.028978219864972236,0.12649323098886903,0.001302565666766778,0.03420597872437602,0.11139562893039301,5.0049229072026845e-05,4.9841521980801586e-05,0.0008510087698983715,0.6870579881515941,0.5425903323919743,0.009443370030448563,11.0
2048-10-01,0.044358782843369964,0.0014080715195672546,0.41588021253850016,0.0044628692948729546,0.12658423813750097,0.5462521272290511,0.09421849246609379,0.2210472628750336,0.17247719042653584,0.005312018580869314,0.7130471955920094,0.7101567945485345,0.5672624220558198,0.24796607337523466,0.002792742625760375,0.6419505544338872,0.050304184358169635,0.13719116311830953,0.04237208128071119,0.10249123997029505,0.0003920074091456617,0.02266868295953988,0.11111325837112901,3.727823263097379e-05,2.343844025506131e-05,0.0016295723944639755,0.4132149505116326,0.7144456814589615,0.013741439780259773,12.0
2049-10-01,0.0714330821331862,0.0012947179579016316,0.4116578558423979,0.00625505379813623,0.13362073359224266,0.5391390492671204,0.0894371273212262,0.3092565011262371,0.12173023006056108,0.004053307069976006,0.8202805159302298,0.7231237131384004,0.5747472600406269,0.18973499209219477,0.005959441023053062,0.4940207005898506,0.0513869632105476,0.14322735282548077,0.04050924967548726,0.047052554485253174,0.0003497629135520522,0.01878388372468755,0.1152453223166094,3.273052424535248e-05,7.428011029706643e-06,0.0010871043036075991,0.28758774830914247,0.5299402198472511,0.03280676525913619,12.0
2050-10-01,0.1336683564180652,0.003916802124012129,0.707149414219305,0.00753477133503335,0.12079580057983633,0.5318827335281172,0.02544857447252488,0.4251602378985867,0.21918410745710504,0.0010396383937374442,0.8400292602722506,0.8751939213221707,0.6420732176699635,0.1920636740328441,0.009979679559815798,0.6311545062735655,0.02245803473071236,0.11856297703269061,0.02567287075620854,0.04391485070948815,0.0004556472526461948,0.03385199785357491,0.09418366702714155,1.786810479991408e-05,4.154592661278737e-06,0.0010582402884703644,0.25169056350736313,0.4991550346146666,0.051498547870911245,13.0
2051-10-01,0.2151188820622059,0.002299441867396044,0.4995725705910392,0.005746225220879883,0.17472793124370511,0.4659463859667754,0.027728552346943356,0.3670643403813302,0.1739136525540978,0.0012655860645555813,0.6922653634784032,0.7411996500700164,0.7123374871012376,0.21899166351054117,0.010057235058716052,0.5935587927276407,0.017398252036736474,0.13026421240765398,0.033017707037434986,0.03803927581760937,0.00036512496635279394,0.04205015612411565,0.065074967226835,8.158949140467966e-06,1.3003228788754285e-06,0.0013725892116257484,0.41620467242174974,0.5556411326937293,0.0446604843226795,14.0
2052-10-01,0.10528728023444812,0.0021904256078818973,0.4489680304486392,0.009238070260619333,0.1252161632123267,0.25192183824229336,0.023601278274955565,0.40070413805870975,0.22665990175987258,0.004451025503105535,0.7454807601637474,0.7370516631237761,0.7145507534746716,0.2760843939481839,0.009823028123628256,0.6376130117324157,0.030615855470309178,0.095633238227919,0.016485386930167854,0.029487050483998398,0.0001746969130674239,0.06233548664164126,0.08042145065696055,7.577091543981747e-06,1.4190952555790636e-06,0.0012464205596859838,0.47256771334708914,0.5522864662989344,0.02163934155714355,13.0
2053-10-01,0.06278563907309284,0.003804805972252731,0.6086248700733412,0.008725539180487242,0.1552621350164574,0.19785524061442938,0.03469040024141109,0.471240761202643,0.22989755952042693,0.005660509262935666,0.5365038382206505,0.8050602573843009,0.5537536533789202,0.23729692419364343,0.007684475569034614,0.6505314046079992,0.02879604874156305,0.12051921048939115,0.011805494032458244,0.03814337172063619,0.00017713319570727807,0.04624044337195335,0.0518435150277784,1.2030220387445797e-06,9.999689457345777e-07,0.0019173254752384722,0.3447307059770458,0.34907244108358537,0.011692544422934627,14.0
2054-10-01,0.04899440407575752,0.0035357119998416548,0.5237886504318878,0.008544336779610275,0.15917921134609367,0.20026145190721453,0.02922025106698326,0.4699268617735963,0.2621621004099258,0.0015252095811619099,0.6319585242009472,0.9585851331556894,0.593175794011727,0.16881712484864206,0.007863333877690924,0.6812962293114342,0.029282345024151096,0.09499286456949241,0.0057836907788363515,0.017139349671516604,5.6080456262905866e-05,0.05645931908524429,0.06045267160924265,7.128592106393513e-07,8.307517744356245e-07,0.0025023489759725547,0.27404309253946074,0.21578454305861722,0.005611981502737636,14.0
2055-10-01,0.025498935520542835,0.0017216156639080016,0.59982658908987,0.004051880547388909,0.04339267422662656,0.16479896470913405,0.03238220237676232,0.3879831056020778,0.24182750994957083,0.002751953693288445,0.5253420954350944,0.991929748966843,0.38049480619751275,0.18567492511517386,0.001976344299120001,0.6513109595855672,0.007365171611310725,0.06811627723638783,0.0063005379585366035,0.009770328095372992,9.109613005684166e-05,0.04606674723742361,0.07718704443235332,2.9309042116883964e-07,1.1487899066550516e-06,0.0013785184263445545,0.2395304721518148,0.14468505025729758,0.012669452759497412,16.0
2056-10-01,0.011647656817168875,0.0006161864776214316,0.5402358228850122,0.001029226804623001,0.03160139402813738,0.1531005598590708,0.02127837260455419,0.42765650696830604,0.28563031157596125,0.0013271480333079324,0.5546470603558227,0.8004749928412956,0.3073335884919498,0.10950873278549471,0.0009283366143433647,0.6442692016885847,0.008935527967776675,0.023171806655724724,0.005167416580791597,0.014203463830840004,3.1148618296602584e-05,0.01369871967166485,0.04475670653384451,4.787994223491391e-07,8.914584483670888e-07,0.0012828699332439668,0.18081698768863347,0.10884263118878401,0.009890440412512162,18.0
2057-10-01,0.003903430584951009,0.0009313568635603323,0.5054581472994528,0.0011892852600598669,0.026782272982140483,0.15515353292998715,0.015334121408047404,0.3446402070115425,0.2875026456761335,0.0009368174814156635,0.6055394886135936,0.7923954924107889,0.5517573793427035,0.06712080180301597,0.001896817750148923,0.8416913131180546,0.006510449808772851,0.016586491278511837,0.0039863721930782185,0.012339824586772364,5.069778072985489e-05,0.010802811733400187,0.06420682133457242,4.812613111065705e-07,4.2187414025679883e-07,0.0003008400705944735,0.11257556027223882,0.13847075772426637,0.004240683167922364,17.0
2058-10-01,0.0014208159695596617,0.0021023981741421084,0.5209396022180411,0.0023195004936894027,0.023145515806485686,0.05816721637760194,0.005450583602924428,0.38116947025138326,0.3296561255833752,0.0004324815391979674,0.6874104390518531,0.8921934964371436,0.5299878050943574,0.04319384674494903,0.0015490551637530466,0.8245285122537268,0.007880654219132168,0.006400611656529085,0.003161944762492795,0.027817552005868,4.674556872814406e-05,0.00468935688806808,0.037157476046282695,2.96516151996009e-07,4.642107743568019e-07,0.0005384388001553399,0.1524826380122454,0.05220151652311129,0.0025852952344403105,19.0
2059-10-01,0.0005652422761387694,0.002486186036560406,0.49546845034601905,0.0032208693927450282,0.010850447688455327,0.052774258398849486,0.004828756548529416,0.4560443277497025,0.35443383471738754,0.0002379414693792762,0.8695426982796345,0.9810795453949012,0.42719872390697944,0.05892922875804426,0.0024550200907115325,0.6503565500671509,0.0033759076603532834,0.0032408354092195155,0.00179381850041509,0.028008668664353777,4.1763767813259146e-05,0.001802079204786637,0.043599579312955654,2.925388032672206e-07,3.1353321298482137e-07,0.0006474660816698613,0.16443788908278148,0.060244387941853286,0.0021673794684881455,18.0
2060-10-01,0.0005733420373879694,0.0014864154405792326,0.745593786591471,0.0030752082868577327,0.00917432056194367,0.04177536108480586,0.002618444483310413,0.23272285777671003,0.23764679675570763,0.00017710808119298906,0.8546662295387778,0.9479686913050976,0.47325193052078973,0.03638042111087519,0.0024445035925946173,0.6314522936951759,0.0012526428536876587,0.0025405010712054284,0.0015457376327441198,0.04246837666373889,1.933911361178935e-05,0.0021703129119804206,0.055582154078421375,5.775372135631469e-07,7.750372006853563e-08,0.0003699375856566456,0.14109931094619763,0.029905258932748785,0.0023294757765908113,20.0
2061-10-01,0.0003193529159783598,0.0017060519840942732,0.8516375744194422,0.002401019693557036,0.010607297140872645,0.05076514058179082,0.001079408187580517,0.21685096035211673,0.053697937876527185,0.00024456297053449016,0.9119081910059903,0.7694455732481831,0.49572904241260163,0.02471611483062676,0.004712719405219717,0.6254124689111302,0.0008365217025647276,0.000723379438286978,0.001476439128290485,0.04414845313402516,2.5091179868638624e-05,0.002382589127216623,0.03748431962805922,3.384538962683783e-07,8.938590032339384e-08,5.1197507032918714e-05,0.07859314781347686,0.039738983630027425,0.0027042024350049953,20.0
2062-10-01,0.00024815541052529606,0.002165480033017755,0.6422847347468238,0.004710224089347377,0.016105160581786716,0.035949171515780025,0.0007918063843365008,0.49374744667631365,0.061674724253452246,0.00013540108208046282,0.9739920071649742,0.8881019002702307,0.6000276484164946,0.03203603388792218,0.0035131769941921676,0.6270318420260553,0.0006908966299489644,0.0008196564073285802,0.0006893700582876534,0.06115233627692407,6.245041249758058e-05,0.0033641895820253277,0.033348852448482735,5.959933721458606e-07,1.2300503543611339e-08,6.439037318293636e-05,0.09131785162019947,0.03656646695842687,0.0026931445847320104,20.0
2063-10-01,0.00010201235869470804,0.0018764664654240559,0.6767362668222159,0.010521333261446187,0.002619053881928659,0.027379388751481007,0.0010472104002732534,0.4836744723635986,0.033865031006238,0.00015254633622126826,0.8278487443581385,0.9426229414569285,0.8410456164286891,0.02249165531093813,0.00630013007421543,0.5125755069822522,0.0011892282809006895,0.000853294800512618,0.0006625487295032921,0.05143520982797845,4.697212387734845e-05,0.004527922593593737,0.02267928398857644,2.2764182805090504e-07,5.2622530780828304e-09,4.2680790051839195e-05,0.036873860729463234,0.009305127389163871,0.0025379215279921186,22.0
2064-10-01,8.274509922898475e-05,0.0017273504025550656,0.6690102351766236,0.01995194269936762,0.0029079392050072616,0.032643235439719566,0.001717090312295796,0.5917459813281201,0.035658685868047546,0.00017597346026677777,0.8422739058757429,0.7771611903511709,0.88982498078295,0.017373873179132752,0.007120120650441618,0.31169425467655776,0.0008353385290723046,0.001126510555275042,0.0004536942577889013,0.03331170443473952,2.9404760099771852e-05,0.005418008695516298,0.01431872362383582,1.919974057154675e-07,3.07070635745627e-09,5.073722975033627e-05,0.04128602662629867,0.019476093196027066,0.000764465828575937,23.0
2065-10-01,0.00012427069652825242,0.0010898414058164504,0.7385913007765994,0.015144840050005198,0.0009499475667345626,0.05930905007553948,0.0011152705774795542,0.5730885033831117,0.024345198199496168,5.115590287721238e-05,0.7294541154166962,0.9198471383238425,0.9514914245994197,0.011678433164891032,0.008163641110863927,0.2255421290918745,0.0006204785520099532,0.0005416487579262871,2.0764086260195675e-05,0.0392232895239337,2.20045594978048e-05,0.003956598208512325,0.021740589870554546,4.2140910059568966e-07,2.555752397395081e-09,3.593768643055513e-05,0.033707729094798425,0.030932005260794523,0.0005109471319048391,22.0
2066-10-01,6.756516763390633e-05,0.001354735266879618,0.7727178822253553,0.013288623906299578,0.0017764180100252145,0.03953266302562273,0.0011810652884014139,0.6491859987725398,0.03299022554183825,7.176734237482012e-05,0.8822957906926086,0.9048456626112213,0.8779461947338134,0.006052571659721118,0.005803972219870827,0.39317463068533354,0.00039494233731340677,0.0002944894966572444,4.062530277298786e-06,0.03847357227767304,2.9668926574383278e-05,0.0018524087111849322,0.03026525534926028,3.316291414642873e-07,8.074341609188611e-09,4.144079470443351e-05,0.03701760380022953,0.026760926491684645,0.0002540420545979406,23.0
2067-10-01,4.43500725877446e-05,0.0003399677964780932,0.6819095297009039,0.025338635373869302,0.0034343575352709975,0.027025247480245894,0.00024583179721287765,0.7998726097278599,0.05225089689205055,3.5242248002818266e-05,0.9005933305457288,0.949356137128094,0.9555868305765121,0.0028944979462364193,0.004160907262569683,0.33784336606591514,0.00011187973703744963,0.0003105255454937548,1.402327603140785e-06,0.01846820602112325,6.435899090741393e-05,0.0010835879056767417,0.04084029504485211,1.0967682408234363e-07,8.069441050753851e-10,3.991734209136333e-05,0.0211131671177141,0.03209803553322084,0.0001293383423584127,22.0
2068-10-01,7.518859665090064e-05,0.00020941275242317218,0.5405638977309042,0.027355506925010712,0.0033607841751880836,0.009973016687516923,0.0003405054358471649,0.5056560049736663,0.0501489854890422,2.3131279485723853e-05,0.9398035394511934,0.860122158488722,0.8908207324393767,0.0010964712908160428,0.0007706950520251183,0.48232292696533907,0.0001252581839426139,0.00025530139343514957,1.6257079022182516e-06,0.030992949091594366,5.2410790979259766e-05,0.0006717543290584859,0.024629909621334458,5.679159562103259e-08,2.3380536093273413e-10,3.798456976591965e-05,0.013429719471553084,0.061386867225655804,0.0003286520828986709,21.0
2069-10-01,3.2000944027392545e-05,0.0002869129007252798,0.41451357284704693,0.02232049111669468,0.004718965783981303,0.00515239847958488,0.0005723731357457558,0.35537302971196394,0.08482035357916098,1.3745849561516378e-05,0.9485511602489659,0.8989787849500291,0.9287928227799631,0.0011182382030064195,0.00033649900737494753,0.6884846286063823,0.00019877716348141598,9.39159990618287e-05,7.127719990909774e-07,0.049081442239046175,2.1473915738037722e-05,0.0005802935837753101,0.013360718453666895,5.6870324646706085e-08,7.048303351450907e-11,3.8059559302090545e-05,0.013954816664505093,0.05920560573389635,0.0008512092417270017,21.0
2070-10-01,1.694881843618911e-05,0.0003660124348699704,0.46495641167390855,0.026479875199017407,0.006596164317229476,0.004127514780374952,0.0009077899256759686,0.40033603390326455,0.05198573865681573,1.1221124281298577e-05,0.9806113122842082,0.8107393532841769,0.9044582033455932,0.0007085826296405887,0.0003758656046950233,0.7321728646122128,0.0001707850282848971,3.576124224512053e-05,4.029635367554928e-07,0.03547026661570043,8.972043762045113e-06,0.0008883084841434455,0.020398730031819936,2.7964784765487103e-08,1.4675071322069898e-10,3.076236534619719e-05,0.00660379902643374,0.05039723721864734,0.0007459891086557969,21.0
2071-10-01,4.599535482562171e-06,0.00017620497848453695,0.3293733810201295,0.03293405719187564,0.0045669345427232656,0.001716270991817088,0.0015448448253493475,0.3647547892581742,0.054058924682617575,1.3561532485820432e-05,0.814699618442214,0.9074386350223305,0.8866658987943434,0.00043590168677157465,0.0005893787931679364,0.8707444173028746,0.00012174905740752036,1.1380463856311844e-05,3.945883405156656e-07,0.05458389851108819,9.78836098355965e-06,0.0017025669371825232,0.02162410899160135,1.4811894004062625e-08,1.3615156891911108e-10,3.912265111138794e-05,0.0023415392057939102,0.03584212662325161,0.00152510972877075,21.0
2072-10-01,4.9465411024031735e-06,0.00014272603240600917,0.16769173516350333,0.05029842766004049,0.00379787211064143,0.0009203244593580864,0.0013534642858374448,0.38111132318394103,0.04335440945628874,1.7104612813990987e-05,0.8573282175488494,0.7552852815802359,0.9261218096183192,0.000719082699668086,0.00121459635226575,0.708265491708197,0.00012611966239024953,7.052065795098763e-06,5.112283199410956e-07,0.07815030490477368,2.1205860867606666e-05,0.0016648244204980995,0.012975949279741791,1.2939211632357197e-08,9.7236244747221e-11,5.3159281721352774e-06,0.0002238818351068322,0.053427091599914295,0.0006693558364921095,20.0
2073-10-01,4.917667137410716e-06,0.00010134634941036313,0.12028456005106865,0.04847856981826006,0.003137863822344758,0.0005776657334620304,0.0005551735551555857,0.3408128909536059,0.03542765891462688,2.519010441483234e-05,0.8850072399481275,0.6904185388790117,0.7922866372401772,0.00026321084092778216,0.0014242353593877752,0.608272140814065,8.230939882883732e-05,5.645523546760091e-06,1.638680332077064e-07,0.07319919438074657,1.5390749197935925e-05,0.003966750533698754,0.030707768347525612,1.4475865175085758e-08,2.6137212788654513e-10,4.20545061784602e-06,3.7249367965564765e-05,0.06115686750669925,0.00030958076118785537,21.0
2074-10-01,3.0840489300048364e-06,0.00010679526131461815,0.0926470787297194,0.032517441816774004,0.0026120541963264754,0.00034412067489752253,0.0006478721761998947,0.2800028154308401,0.05212684152096089,4.943267601181259e-06,0.8691805744498033,0.6298042926619293,0.6573616317362361,0.0001089072203850865,0.0010338496806847363,0.6365566453400351,3.793575230590718e-05,4.352659504388624e-06,4.8582022621920844e-08,0.04864899217944517,2.7145281530490176e-05,0.005122648973387093,0.024118136340819957,5.912879744837023e-09,6.818209655646719e-10,2.577196437874187e-06,2.5136540800438043e-05,0.07123982423215985,0.00048476784861542466,21.0
2075-10-01,2.6052898405218213e-06,0.00017705325939021288,0.09236539182398171,0.03229429955593147,0.0013910860626880493,0.00026488544118029924,0.0008845756888012633,0.13878635021202196,0.06251383432183674,1.2917303329580366e-05,0.8465394249662171,0.6593370815856409,0.4617875572595176,0.00023758428650486806,0.0009835306080497638,0.5489055247902578,1.3502550528162625e-05,5.978554751327953e-06,2.5284578489027734e-08,0.0521857175218429,6.358575153873045e-05,0.009082261777061876,0.0240989434439523,6.512012888215823e-09,9.823680374889e-10,4.317044314936591e-06,5.246477449632152e-05,0.08147829495098649,0.0003458653608224921,20.0
2076-10-01,1.2996805453079995e-06,9.75680878633053e-05,0.1100174815245457,0.02771707884624277,0.0010955879990557995,0.00019716169182964599,0.0002263996321161497,0.06747151299157754,0.06786446029776395,8.581931031322761e-06,0.8025381205205645,0.4804773880326846,0.527562670680217,0.0001269268638299222,0.0013401413507880722,0.4120564366106223,1.916155048608232e-05,1.7342025235975468e-06,4.118424720489234e-08,0.09800738308596814,0.00011011157935687852,0.008900456826617073,0.03542196357643921,4.201997137162201e-09,1.3006673398315517e-09,7.255015078185501e-06,2.5434760739521566e-05,0.09915970796926243,0.0006086559311417625,20.0
2077-10-01,9.836105132722446e-07,4.9520727143887095e-05,0.1198049991788503,0.018568606426816826,0.0007831047551233307,0.00023108881765345724,0.0002010417771946855,0.04629754134657271,0.036057612473853876,7.718718210487925e-06,0.8313114677336568,0.42505998097376374,0.4209925488584467,7.71929261168767e-05,0.001259659271653533,0.3525628664760292,2.497643105208256e-05,9.256518774907601e-07,2.825762012894781e-08,0.1271469495173088,0.00015718090408987424,0.008528355689812757,0.020795401895700453,3.1663086224099167e-09,5.346880870887317e-10,1.039396655553776e-05,3.569942901047365e-05,0.1666676154151629,0.001527544256287302,22.0
2078-10-01,1.2072666143610047e-06,2.3881699847003246e-05,0.09936506879753344,0.01929302666014525,0.001000356721265145,0.0007583978305704692,0.00017215072313038718,0.04251683547585859,0.029239312973434115,6.833919225154549e-06,0.7687539139297865,0.5337568369542196,0.4397820519849608,6.189992851364345e-05,0.001531597538620552,0.29435100071064935,1.3198259768123976e-05,2.5380490142088734e-07,4.349481819803063e-09,0.1270882643823383,0.0001623006763464043,0.0175133757904664,0.04120108564480332,6.101162915181932e-09,2.331159332551183e-10,3.953991828994362e-06,8.11632936098739e-05,0.13833471661745758,0.002284353006278517,22.0
2079-10-01,1.1129126398300942e-06,3.6047989557230004e-05,0.07625960223900889,0.02281855375194552,0.0009882813540856045,0.0009265751172578835,6.092346393371855e-05,0.044227456890446666,0.04660789702188713,6.4781880192687575e-06,0.7101471164825255,0.5219424193064439,0.5269987016218537,3.208777785718447e-05,0.0018251692049824394,0.33400359763412246,6.640217854571401e-06,1.3666061389094256e-07,6.66563135690512e-09,0.20896385625510855,0.00017489281365387952,0.011436784701254085,0.0834033704881413,1.193066131419913e-08,6.826339791491212e-10,2.5246906499190837e-06,8.774888252923078e-05,0.2677019512423824,0.0013211950780226205,21.0
2080-10-01,5.132262935984448e-07,1.9725038052442512e-05,0.1147942658164192,0.013565294708914833,0.0009053324946077933,0.0010371126698726272,6.123026545088803e-05,0.038882642594533404,0.023635276330754296,5.15171613687206e-06,0.7720008885382842,0.4930476578632519,0.4111521745028208,9.598143078330215e-06,0.0006069088470282437,0.3439309842979972,4.699360023027557e-06,2.1609234047396858e-07,5.249146172890614e-09,0.26026034619915644,0.00011315464743541765,0.011662188113825044,0.09432060880357265,1.1194438577756675e-08,6.078971951358998e-10,4.318860687678492e-06,2.9486540269392262e-05,0.2966668303128378,0.0007299932295922992,21.0
2081-10-01,1.2209688609324466e-07,3.4378012207448596e-05,0.05391662789487843,0.013180973943292899,0.0008677015973407927,0.0017113097296700573,2.7257495956104686e-05,0.02880049435201373,0.0403133716134882,6.310513222890138e-06,0.9512058528149101,0.4498941586714822,0.39894909967707237,5.575103613864088e-06,0.000216810524567379,0.2865512157786652,1.1754041398291526e-05,8.537210578386375e-08,3.612771523761981e-09,0.2845882062718181,5.931830288310891e-05,0.0069503859283378926,0.08457785163528227,9.24617996267946e-09,8.890388393988773e-10,3.4996279062543413e-06,2.691891018537348e-06,0.33024188027174695,0.00043153768607409956,21.0
2082-10-01,1.537274367099838e-07,2.4882858122389004e-05,0.030501458849992186,0.009583639234950356,0.0006728437004100904,0.0022534886940791224,3.1150560760136796e-05,0.017546720286073018,0.01950852667556835,1.2093059444291772e-06,0.9738611694191381,0.3766297904158563,0.3668551049858113,4.14169029105286e-06,0.00012848123006423774,0.2232861047436013,7.57072516311835e-06,4.201538369907522e-08,8.33790625722868e-09,0.30062647825567346,6.240628862077905e-05,0.004129570510587613,0.11361965240712149,5.8913047947665085e-09,6.469443542496065e-10,1.4098844259456396e-06,1.2242508353394067e-06,0.21026869389181718,0.0012441911200120408,22.0
2083-10-01,1.2559474707883102e-07,2.5061956931799777e-05,0.0443230157429709,0.010444139926041578,0.00024248094357668138,0.004839121371671505,2.7144461713784992e-05,0.012994784568573187,0.01660142787591144,8.008969490441475e-07,0.9622986914005822,0.35054501944559546,0.5294230244938039,2.692791206431124e-06,0.00016041805085585282,0.1628738310846625,1.886989400022198e-05,8.06539702813028e-09,6.632541931944858e-09,0.2615887187309186,6.916441234649837e-05,0.005531284999414996,0.12060077007532272,9.746801629168742e-09,4.858274152503585e-10,1.0077197671769038e-06,1.87384943846905e-06,0.29445309016064913,0.0021347088778661378,22.0
2084-10-01,6.161947864682539e-08,2.053973341796565e-05,0.043557762953014986,0.010395354746663645,9.809133493081268e-05,0.007864497034422494,1.3116409738355107e-05,0.016610313082243252,0.014832153847469541,1.1231376046088946e-06,0.875386723428675,0.3831059092189236,0.6030763236079182,4.3483143161503265e-06,0.00011588619613786126,0.07200499292342953,1.2851154429512534e-05,3.690978155155787e-09,7.733443748783079e-09,0.26004640252970546,7.616824270243967e-05,0.006955175377679291,0.09202396003698776,8.416351517981989e-09,5.089786659246532e-10,7.137343424038621e-07,1.815414706203994e-06,0.38738739631413344,0.00528738161535091,22.0
2085-10-01,9.38213982995983e-08,2.0020735456880402e-05,0.05214240515299658,0.02164747817232201,0.00012132360447583927,0.007384420601979767,1.706297523618601e-05,0.015160600489295073,0.02248297539431188,6.669264036375101e-07,0.8495122633680743,0.44245903558369004,0.5273036644396734,8.306387004262387e-06,7.602028336059654e-05,0.047895944617751825,4.33072700820976e-05,4.966815876131817e-09,5.365107228922517e-09,0.34665101905304463,6.010236572092039e-05,0.010666074839143204,0.07747083807260514,1.3220405214083424e-08,3.810434587743668e-10,1.0579448840864554e-06,3.5186324100073837e-06,0.4740520742973544,0.00177430476075654,22.0
2086-10-01,2.161549148019742e-07,1.099458459078694e-05,0.04002565369820214,0.028290830474722296,0.00010651818336728522,0.009285732029169186,5.493827645764435e-05,0.010900330138721648,0.02377007938323231,1.665300121257546e-06,0.8933038097745054,0.26146909220329184,0.54695326750179,1.3227732921881474e-05,5.6727155195138784e-05,0.03472719562693338,5.1085682068903354e-05,5.981546777588764e-09,8.039488479241183e-09,0.28877526493790734,0.00012963697990430858,0.016474739295382148,0.056207947687357485,1.733437681167926e-08,2.412570216278595e-10,1.0628019026160953e-06,3.156512787003089e-06,0.6821415428855107,0.0012110832791394838,23.0
2087-10-01,2.3455669590885431e-07,5.2665794527129825e-06,0.028287225668069647,0.02809786533271618,0.00013244693074334222,0.006819047010299411,3.296085136586586e-05,0.009841345364372001,0.026230291332677454,1.2146378893248084e-06,0.9221028575294558,0.22459637359779164,0.3605417754489745,2.5811082955561278e-05,5.156720813114598e-05,0.014846647216124642,3.581016056692187e-05,7.822845965997557e-09,7.614423235249498e-09,0.28936967596406,0.00021296600808800618,0.023076830033658853,0.04430780353242248,1.141897502869637e-08,2.425372556263974e-10,1.8234773511060452e-06,4.302826333850965e-06,0.766732106540013,0.0009280965418969465,24.0
2088-10-01,5.390633046817613e-07,1.211306745264386e-06,0.036478485377652026,0.026290986067313858,7.166447074584551e-05,0.01801820015784656,3.690616018706981e-05,0.009944953993379604,0.025821614351520625,2.598997400721928e-06,0.9246550205598497,0.21872203167573304,0.34688097098763404,2.3920514638526183e-05,9.621976639540709e-05,0.013288632321490688,3.129078581629852e-05,7.2076141327332195e-09,6.160193351193746e-09,0.2571364731671703,0.00014193615642866685,0.023016695799988343,0.043919331095116976,9.339348217271842e-09,2.380956305255769e-10,1.7918122116399773e-06,2.177345221188037e-06,0.9191338068925572,0.0011742634414398199,24.0
2089-10-01,6.142387838345481e-07,3.552920098401427e-07,0.030413064974747602,0.028513640556743342,0.0002148383551462469,0.021228181284986176,7.253490046611122e-05,0.010525108142430694,0.01738872151832581,2.3025785761033325e-06,0.89591106890723,0.15732346396512903,0.2287130880751521,5.210916226442161e-06,7.460598667721876e-05,0.021332555996029994,4.33494411848351e-05,5.20100208936128e-09,9.61050366809138e-09,0.3860001265657662,0.00012058783069936713,0.032927444272104894,0.028761930344268525,4.675616932845599e-09,1.4017068008320666e-10,9.318378451456002e-07,1.0520651025538008e-06,0.881682542395376,0.0008012189220524024,24.0
2090-10-01,8.945720528910954e-07,5.764548165485371e-07,0.05029586718582558,0.030334127787169495,0.0003039607041364853,0.023101435480264783,0.000109651031625316,0.012862598871193866,0.016581783821667282,2.266642966983335e-06,0.7138076417742728,0.14818118814589468,0.18143212245529122,7.825146844688765e-06,4.560949368203166e-05,0.012866603495211322,3.506037599014714e-05,2.927213545929587e-09,1.1811314380257235e-08,0.3530166601837522,0.0002574554725604818,0.0170931475824395,0.02088355963058999,9.49811793763733e-10,1.9866624716123532e-10,7.852915212917998e-07,3.2847674461985223e-07,0.6811559532313809,0.0008476256952150965,23.0
2091-10-01,7.705553655591298e-07,4.4212442960971974e-07,0.0907038549812254,0.011689857392450848,0.00016373212717899746,0.04771054797479865,0.00019739456177715226,0.011423223872438064,0.025737776381261866,9.562438167076807e-07,0.7262465026208466,0.09995640949586301,0.07213239424468451,1.2145731730314044e-05,4.2685594020036524e-05,0.014202954998374685,5.1777765016078944e-05,2.8938853348789266e-09,1.3026893850227073e-08,0.3480704269181679,0.00033820153768700673,0.010981594554961211,0.03490582276838985,2.0762595614342617e-10,2.3223026253249366e-10,1.1568855848457576e-06,9.024835243985541e-07,0.7326137537605253,0.0008803478097281135,23.0
2092-10-01,8.510038562239342e-07,1.9859903027012327e-07,0.07012023883195671,0.00949264497633167,4.327714330464186e-05,0.0632979694003162,0.00022554318229609286,0.004144420787213444,0.027857698653174865,1.5371165825411908e-06,0.7138752965323031,0.1371753048911329,0.06517423799372683,6.143984505245349e-06,9.165556432565399e-05,0.008867255717761202,4.50957888419053e-05,3.8815481053724664e-09,2.6885213669258656e-08,0.284706260766565,0.0001766616783793267,0.007839905752494266,0.047820470289409486,3.1911470191227845e-11,4.4618078930052554e-10,1.9783474785674686e-07,1.4292857757997225e-06,0.6537304864078293,0.00040492028984081044,22.0
2093-10-01,9.48466469292518e-07,2.1454988560957582e-07,0.06016455359654798,0.007773715070518812,4.629453157867877e-05,0.08208593276532979,0.00020735425109180613,0.0018742810431811637,0.045617542187148245,4.730041006599745e-07,0.7303342759709666,0.09408115223765047,0.05991809874067802,5.029374977769133e-06,6.072288233275555e-05,0.010222551873317373,6.409465477039382e-05,3.5560727797571676e-09,1.3897103718866448e-08,0.2711478682657879,0.00011373251002224498,0.015845411712503848,0.03133782368942119,2.2289519761029824e-11,4.292860341931163e-10,3.408772469849962e-07,1.86271230992972e-06,0.3626495203067037,0.0011938184474226347,22.0
2094-10-01,1.5535397618248896e-06,1.3179687758056337e-07,0.04493698222951654,0.00648708503768907,5.432742030944941e-05,0.08314211376777657,0.0001121418403218916,0.0010794398992781946,0.03754026915716279,1.000417493259264e-06,0.7585097669754579,0.20251369520557927,0.07220301549300331,5.247541576849353e-06,6.038896656688843e-05,0.014872019065423412,0.00010134468081204969,1.3817161112212843e-09,1.0175912054896483e-08,0.3228291068229573,0.00024641089727727485,0.008674049481185227,0.04158903124203996,1.955510504429417e-10,4.103651390768009e-10,3.079691022673492e-07,2.983786697653951e-06,0.26154561360353595,0.00388625488155809,23.0
2095-10-01,8.227964914314293e-07,1.4983341592394006e-07,0.03540216211890639,0.006816411689400129,6.953711973725602e-05,0.054550897962925886,0.00019549847225531594,0.0006340070342058,0.03807304852629626,1.8967599376762114e-06,0.7284478821813247,0.13965918834601534,0.06757589286202277,4.991652826834631e-06,7.882176069019564e-05,0.018300199050396596,0.00010640650131103114,4.092009455713548e-09,2.3352390191444042e-08,0.3167433478375421,0.00015398303924536407,0.007423502616263874,0.019025428686542202,9.857284558392967e-11,3.747736826304756e-10,3.065066678304787e-07,1.9227676346602306e-06,0.2317135176135961,0.006569045680542258,23.0
2096-10-01,1.7288478240560716e-06,1.29929555075476e-07,0.052621814857729036,0.009380192164974849,2.131751813930352e-05,0.09764510965599725,0.00017346634987673923,0.0002516983977156912,0.031172411653675586,9.996832539884498e-07,0.9093339090042973,0.08537829562439914,0.05429315638621592,7.475816821683198e-06,6.512072780992985e-05,0.013149543672581412,0.00033396804197857266,3.852415656980069e-09,2.2162521334343834e-08,0.3299817970667607,0.00010403858756430585,0.010707231229085101,0.01776833169028612,2.8993727635376296e-10,2.894885989823341e-10,3.6014404839002576e-07,1.972096338586967e-06,0.25943324869471074,0.009344788368807727,22.0
2097-10-01,1.030775865249959e-06,3.5393293055846834e-07,0.06899822724725485,0.0057882861497953785,6.809925788653446e-06,0.1998770281445184,0.00032886716297708706,0.0001793686846296662,0.0342064654530125,7.444194241483021e-07,0.8711597759667431,0.07983707268211125,0.0255179060574909,8.12053477573383e-06,4.114195962935823e-05,0.009443090648343795,0.00048238236760396875,4.103352306717521e-09,6.829227448423841e-08,0.3471894631027924,3.885775917127286e-05,0.010988767793004995,0.014474821107674648,4.214646885933342e-10,6.03660333295971e-10,1.8619989482666445e-07,5.3759955519784835e-06,0.29428152848798583,0.009680415132825576,23.0
2098-10-01,3.3642817771614635e-07,2.1114013388717816e-07,0.045039232970463236,0.00567019994889263,8.475043617974232e-06,0.30769044821137814,0.00017576968296681997,0.0001772121855103753,0.03197892108226206,8.102925143870089e-07,0.7843988687792746,0.059453798646634956,0.01951934336705461,8.03450556025164e-06,8.014074056622706e-05,0.007162263511888869,0.00039397925732764143,2.7885458560754557e-09,8.694659781902054e-09,0.35411408012936485,4.6209857378631e-05,0.01800037366122796,0.023713488002745423,3.1400390547953503e-10,5.12788721444546e-10,1.4145662468954518e-07,6.852883486975938e-06,0.3829718231343954,0.004770357581132821,24.0
