,Model,Year
0,access1-0_rcp45,2013.0
1,access1-0_rcp85,2030.0
2,bcc-csm1-1_rcp26,2016.0
3,bcc-csm1-1_rcp45,2018.0
4,bcc-csm1-1_rcp60,2017.0
5,bcc-csm1-1_rcp85,2017.0
6,bcc-csm1-1-m_rcp45,2043.0
7,bcc-csm1-1-m_rcp85,2027.0
8,canesm2_rcp26,2013.0
9,canesm2_rcp45,2012.0
10,canesm2_rcp85,2004.0
11,ccsm4_rcp26,2026.0
12,ccsm4_rcp45,2012.0
13,ccsm4_rcp60,2029.0
14,ccsm4_rcp85,2027.0
15,cesm1-bgc_rcp45,2011.0
16,cesm1-bgc_rcp85,2024.0
17,cesm1-cam5_rcp26,2017.0
18,cesm1-cam5_rcp45,2011.0
19,cesm1-cam5_rcp60,2019.0
20,cesm1-cam5_rcp85,2021.0
21,cmcc-cm_rcp45,2051.0
22,cmcc-cm_rcp85,2037.0
23,cnrm-cm5_rcp45,2011.0
24,cnrm-cm5_rcp85,2029.0
25,csiro-mk3-6-0_rcp26,2035.0
26,csiro-mk3-6-0_rcp45,2010.0
27,csiro-mk3-6-0_rcp60,2057.0
28,csiro-mk3-6-0_rcp85,2016.0
29,fgoals-g2_rcp26,2045.0
30,fgoals-g2_rcp45,2051.0
31,fgoals-g2_rcp85,2040.0
32,fio-esm_rcp26,
33,fio-esm_rcp45,2059.0
34,fio-esm_rcp60,2062.0
35,fio-esm_rcp85,2053.0
36,gfdl-cm3_rcp26,2018.0
37,gfdl-cm3_rcp45,2029.0
38,gfdl-cm3_rcp60,2026.0
39,gfdl-cm3_rcp85,2024.0
40,gfdl-esm2g_rcp26,2008.0
41,gfdl-esm2g_rcp45,2009.0
42,gfdl-esm2g_rcp60,2024.0
43,gfdl-esm2g_rcp85,2007.0
44,gfdl-esm2m_rcp26,2021.0
45,gfdl-esm2m_rcp45,2009.0
46,gfdl-esm2m_rcp60,2021.0
47,gfdl-esm2m_rcp85,2014.0
48,giss-e2-h-cc_rcp45,2022.0
49,giss-e2-r_rcp26,2091.0
50,giss-e2-r_rcp45,2072.0
51,giss-e2-r_rcp60,2075.0
52,giss-e2-r_rcp85,2060.0
53,giss-e2-r-cc_rcp45,2052.0
54,hadgem2-ao_rcp26,2008.0
55,hadgem2-ao_rcp45,2018.0
56,hadgem2-ao_rcp60,2018.0
57,hadgem2-ao_rcp85,2023.0
58,hadgem2-cc_rcp45,2016.0
59,hadgem2-cc_rcp85,2022.0
60,hadgem2-es_rcp26,2020.0
61,hadgem2-es_rcp45,2025.0
62,hadgem2-es_rcp60,2021.0
63,hadgem2-es_rcp85,2019.0
64,inmcm4_rcp45,2045.0
65,inmcm4_rcp85,2036.0
66,ipsl-cm5a-mr_rcp26,2012.0
67,ipsl-cm5a-mr_rcp45,2012.0
68,ipsl-cm5a-mr_rcp60,2028.0
69,ipsl-cm5a-mr_rcp85,2022.0
70,ipsl-cm5b-lr_rcp45,2030.0
71,ipsl-cm5b-lr_rcp85,2020.0
72,miroc5_rcp26,2014.0
73,miroc5_rcp45,2011.0
74,miroc5_rcp60,2022.0
75,miroc5_rcp85,2016.0
76,miroc-esm_rcp26,2024.0
77,miroc-esm_rcp45,2017.0
78,miroc-esm_rcp60,2013.0
79,miroc-esm_rcp85,2035.0
80,miroc-esm-chem_rcp26,2019.0
81,miroc-esm-chem_rcp45,2008.0
82,miroc-esm-chem_rcp60,2011.0
83,miroc-esm-chem_rcp85,2017.0
84,mpi-esm-lr_rcp26,2019.0
85,mpi-esm-lr_rcp45,2045.0
86,mpi-esm-lr_rcp85,2025.0
87,mpi-esm-mr_rcp26,2029.0
88,mpi-esm-mr_rcp45,2026.0
89,mpi-esm-mr_rcp85,2054.0
90,mri-cgcm3_rcp26,2014.0
91,mri-cgcm3_rcp45,2035.0
92,mri-cgcm3_rcp85,2026.0
93,noresm1-m_rcp26,2028.0
94,noresm1-m_rcp45,2031.0
95,noresm1-m_rcp60,2031.0
96,noresm1-m_rcp85,2020.0
