,Model,Year
0,access1-0_rcp85,2034
1,bcc-csm1-1_rcp85,2018
2,bcc-csm1-1-m_rcp85,2033
3,canesm2_rcp85,2006
4,ccsm4_rcp85,2031
5,cesm1-bgc_rcp85,2031
6,cesm1-cam5_rcp85,2022
7,cmcc-cm_rcp85,2039
8,cnrm-cm5_rcp85,2038
9,csiro-mk3-6-0_rcp85,2020
10,fgoals-g2_rcp85,2042
11,fio-esm_rcp85,2054
12,gfdl-cm3_rcp85,2025
13,gfdl-esm2g_rcp85,2008
14,gfdl-esm2m_rcp85,2021
15,giss-e2-r_rcp85,2064
16,hadgem2-ao_rcp85,2028
17,hadgem2-cc_rcp85,2024
18,hadgem2-es_rcp85,2021
19,inmcm4_rcp85,2038
20,ipsl-cm5a-mr_rcp85,2027
21,ipsl-cm5b-lr_rcp85,2030
22,miroc5_rcp85,2020
23,miroc-esm_rcp85,2037
24,miroc-esm-chem_rcp85,2025
25,mpi-esm-lr_rcp85,2039
26,mpi-esm-mr_rcp85,2055
27,mri-cgcm3_rcp85,2030
28,noresm1-m_rcp85,2030
