,Model,Year
0,bcc-csm1-1_rcp26,2016.0
1,canesm2_rcp26,2015.0
2,ccsm4_rcp26,2027.0
3,cesm1-cam5_rcp26,2020.0
4,csiro-mk3-6-0_rcp26,2036.0
5,fgoals-g2_rcp26,2045.0
6,fio-esm_rcp26,
7,gfdl-cm3_rcp26,2021.0
8,gfdl-esm2g_rcp26,2009.0
9,gfdl-esm2m_rcp26,2024.0
10,giss-e2-r_rcp26,
11,hadgem2-ao_rcp26,2008.0
12,hadgem2-es_rcp26,2025.0
13,ipsl-cm5a-mr_rcp26,2013.0
14,miroc5_rcp26,2016.0
15,miroc-esm_rcp26,2032.0
16,miroc-esm-chem_rcp26,2021.0
17,mpi-esm-lr_rcp26,2020.0
18,mpi-esm-mr_rcp26,2030.0
19,mri-cgcm3_rcp26,2015.0
20,noresm1-m_rcp26,2030.0
