,Model,Year
0,access1-0_rcp45,2018
1,bcc-csm1-1_rcp45,2020
2,bcc-csm1-1-m_rcp45,2048
3,canesm2_rcp45,2013
4,ccsm4_rcp45,2016
5,cesm1-bgc_rcp45,2015
6,cesm1-cam5_rcp45,2020
7,cmcc-cm_rcp45,2052
8,cnrm-cm5_rcp45,2012
9,csiro-mk3-6-0_rcp45,2026
10,fgoals-g2_rcp45,2055
11,fio-esm_rcp45,2085
12,gfdl-cm3_rcp45,2032
13,gfdl-esm2g_rcp45,2010
14,gfdl-esm2m_rcp45,2020
15,giss-e2-h-cc_rcp45,2023
16,giss-e2-r_rcp45,2081
17,giss-e2-r-cc_rcp45,2053
18,hadgem2-ao_rcp45,2023
19,hadgem2-cc_rcp45,2017
20,hadgem2-es_rcp45,2026
21,inmcm4_rcp45,2046
22,ipsl-cm5a-mr_rcp45,2021
23,ipsl-cm5b-lr_rcp45,2030
24,miroc5_rcp45,2014
25,miroc-esm_rcp45,2026
26,miroc-esm-chem_rcp45,2008
27,mpi-esm-lr_rcp45,2046
28,mpi-esm-mr_rcp45,2028
29,mri-cgcm3_rcp45,2036
30,noresm1-m_rcp45,2033
