,rcp26,rcp45,rcp60,rcp85
0,2013.0,2011.0,2013.0,2044.0
1,2013.0,2011.0,2013.0,2053.0
2,2013.0,2011.0,2013.0,2054.0
3,2013.0,2011.0,2013.0,2037.0
4,2013.0,2011.0,2013.0,2041.0
5,2013.0,2011.0,2013.0,2043.0
6,2013.0,2011.0,2012.0,2054.0
7,2013.0,2011.0,2012.0,2054.0
8,2013.0,2011.0,2012.0,2048.0
9,2013.0,2011.0,2012.0,2054.0
10,2013.0,2011.0,2012.0,2054.0
11,2013.0,2011.0,2012.0,2048.0
12,2013.0,2011.0,2012.0,2054.0
13,2013.0,2011.0,2012.0,2054.0
14,2013.0,2011.0,2012.0,2054.0
15,2013.0,2011.0,2012.0,2054.0
16,2013.0,2011.0,2012.0,2056.0
17,2013.0,2011.0,2012.0,2054.0
18,2013.0,2011.0,2012.0,2055.0
19,2013.0,2011.0,2012.0,2056.0
20,2013.0,2011.0,2012.0,2056.0
21,2013.0,2011.0,2012.0,2056.0
22,2013.0,2011.0,2012.0,2054.0
23,2013.0,2011.0,2012.0,2056.0
24,2013.0,2011.0,2012.0,2054.0
25,2013.0,2011.0,2012.0,2055.0
26,2013.0,2011.0,2012.0,2054.0
27,2013.0,2011.0,2012.0,2054.0
28,2013.0,2011.0,2012.0,2054.0
29,2013.0,2011.0,2012.0,2055.0
30,2013.0,2011.0,2012.0,2054.0
31,2013.0,2011.0,2012.0,2054.0
32,2013.0,2011.0,2012.0,2054.0
33,2013.0,2011.0,2012.0,2054.0
34,2013.0,2011.0,2012.0,2054.0
35,2013.0,2011.0,2012.0,2054.0
36,2052.0,2019.0,2036.0,2013.0
37,2018.0,2019.0,2037.0,2013.0
38,2058.0,2019.0,2046.0,2013.0
39,2025.0,2019.0,2033.0,2013.0
40,2026.0,2019.0,2034.0,2013.0
41,2041.0,2019.0,2035.0,2013.0
42,2058.0,2018.0,2046.0,2012.0
43,2058.0,2018.0,2046.0,2012.0
44,2058.0,2018.0,2045.0,2013.0
45,2058.0,2018.0,2046.0,2013.0
46,2058.0,2018.0,2046.0,2012.0
47,2058.0,2018.0,2046.0,2012.0
48,2058.0,2018.0,2046.0,2012.0
49,2058.0,2018.0,2046.0,2012.0
50,2058.0,2018.0,2046.0,2012.0
51,2058.0,2018.0,2046.0,2012.0
52,2059.0,2018.0,2046.0,2012.0
53,2059.0,2018.0,2046.0,2013.0
54,2059.0,2018.0,2046.0,2012.0
55,2059.0,2018.0,2046.0,2013.0
56,2059.0,2018.0,2046.0,2013.0
57,2059.0,2018.0,2046.0,2012.0
58,2058.0,2018.0,2046.0,2013.0
59,2059.0,2018.0,2054.0,2012.0
60,2058.0,2018.0,2046.0,2012.0
61,2059.0,2018.0,2046.0,2012.0
62,2058.0,2018.0,2046.0,2013.0
63,2058.0,2018.0,2046.0,2013.0
64,2058.0,2018.0,2046.0,2012.0
65,2059.0,2018.0,2046.0,2012.0
66,2058.0,2018.0,2046.0,2012.0
67,2058.0,2018.0,2046.0,2012.0
68,2058.0,2018.0,2046.0,2012.0
69,2058.0,2018.0,2046.0,2012.0
70,2058.0,2018.0,2046.0,2013.0
71,2058.0,2018.0,2046.0,2012.0
72,2032.0,2041.0,2021.0,2057.0
73,2033.0,2051.0,2021.0,2069.0
74,2037.0,2057.0,2021.0,2069.0
75,2031.0,2037.0,2021.0,2042.0
76,2031.0,2037.0,2021.0,2050.0
77,2031.0,2040.0,2021.0,2055.0
78,2033.0,2057.0,2021.0,2069.0
79,2033.0,2057.0,2021.0,2069.0
80,2033.0,2053.0,2021.0,2069.0
81,2033.0,2057.0,2021.0,2069.0
82,2033.0,2057.0,2021.0,2069.0
83,2033.0,2053.0,2021.0,2069.0
84,2033.0,2053.0,2021.0,2069.0
85,2033.0,2057.0,2021.0,2069.0
86,2033.0,2057.0,2021.0,2069.0
87,2033.0,2057.0,2021.0,2069.0
88,2033.0,2057.0,2021.0,2071.0
89,2033.0,2057.0,2021.0,2070.0
90,2033.0,2057.0,2021.0,2070.0
91,2033.0,2057.0,2021.0,2070.0
92,2033.0,2057.0,2021.0,2070.0
93,2033.0,2057.0,2021.0,2070.0
94,2033.0,2057.0,2021.0,2069.0
95,2033.0,2057.0,2021.0,2071.0
96,2033.0,2057.0,2021.0,2069.0
97,2033.0,2057.0,2021.0,2070.0
98,2033.0,2057.0,2021.0,2069.0
99,2033.0,2057.0,2021.0,2069.0
100,2033.0,2057.0,2021.0,2069.0
101,2033.0,2057.0,2021.0,2070.0
102,2033.0,2057.0,2021.0,2069.0
103,2033.0,2057.0,2021.0,2069.0
104,2033.0,2057.0,2021.0,2069.0
105,2033.0,2057.0,2021.0,2069.0
106,2033.0,2057.0,2021.0,2069.0
107,2033.0,2057.0,2021.0,2069.0
108,2035.0,2017.0,2049.0,2018.0
109,2035.0,2017.0,2056.0,2018.0
110,2040.0,2017.0,2058.0,2018.0
111,2033.0,2017.0,2041.0,2018.0
112,2033.0,2017.0,2042.0,2018.0
113,2038.0,2017.0,2044.0,2018.0
114,2039.0,2017.0,2058.0,2018.0
115,2039.0,2017.0,2057.0,2018.0
116,2039.0,2017.0,2056.0,2018.0
117,2039.0,2017.0,2057.0,2018.0
118,2039.0,2017.0,2057.0,2018.0
119,2039.0,2017.0,2057.0,2018.0
120,2039.0,2017.0,2057.0,2018.0
121,2039.0,2017.0,2058.0,2018.0
122,2039.0,2017.0,2057.0,2018.0
123,2039.0,2017.0,2057.0,2018.0
124,2039.0,2017.0,2061.0,2018.0
125,2039.0,2017.0,2058.0,2018.0
126,2039.0,2017.0,2061.0,2018.0
127,2040.0,2017.0,2061.0,2018.0
128,2040.0,2017.0,2061.0,2018.0
129,2040.0,2017.0,2061.0,2018.0
130,2039.0,2017.0,2058.0,2018.0
131,2040.0,2017.0,2061.0,2018.0
132,2039.0,2017.0,2058.0,2018.0
133,2040.0,2017.0,2061.0,2018.0
134,2039.0,2017.0,2058.0,2018.0
135,2039.0,2017.0,2057.0,2018.0
136,2039.0,2017.0,2058.0,2018.0
137,2040.0,2017.0,2061.0,2018.0
138,2039.0,2017.0,2057.0,2018.0
139,2039.0,2017.0,2057.0,2018.0
140,2039.0,2017.0,2057.0,2018.0
141,2039.0,2017.0,2057.0,2018.0
142,2039.0,2017.0,2057.0,2018.0
143,2039.0,2017.0,2058.0,2018.0
144,2022.0,2016.0,2067.0,2054.0
145,2022.0,2016.0,2078.0,2058.0
146,2022.0,2016.0,2082.0,2058.0
147,2022.0,2016.0,2051.0,2037.0
148,2022.0,2016.0,2061.0,2039.0
149,2022.0,2016.0,2062.0,2047.0
150,2022.0,2016.0,,2058.0
151,2022.0,2016.0,,2058.0
152,2022.0,2016.0,,2058.0
153,2022.0,2016.0,,2058.0
154,2022.0,2016.0,,2058.0
155,2022.0,2016.0,,2058.0
156,2022.0,2016.0,,2058.0
157,2022.0,2016.0,,2058.0
158,2022.0,2016.0,,2058.0
159,2022.0,2016.0,,2058.0
160,2022.0,2016.0,,2059.0
161,2022.0,2016.0,,2059.0
162,2022.0,2016.0,,2059.0
163,2022.0,2016.0,,2059.0
164,2022.0,2016.0,,2059.0
165,2022.0,2016.0,,2059.0
166,2022.0,2016.0,,2059.0
167,2022.0,2016.0,,2059.0
168,2022.0,2016.0,,2059.0
169,2022.0,2016.0,,2059.0
170,2022.0,2016.0,,2059.0
171,2022.0,2016.0,,2058.0
172,2022.0,2016.0,,2059.0
173,2022.0,2016.0,,2059.0
174,2022.0,2016.0,,2058.0
175,2022.0,2016.0,,2058.0
176,2022.0,2016.0,,2058.0
177,2022.0,2016.0,,2058.0
178,2022.0,2016.0,,2058.0
179,2022.0,2016.0,,2058.0
180,2051.0,2043.0,2030.0,2054.0
181,2059.0,2049.0,2030.0,2062.0
182,2062.0,2053.0,2036.0,2063.0
183,2042.0,2034.0,2026.0,2041.0
184,2045.0,2039.0,2026.0,2048.0
185,2047.0,2042.0,2028.0,2052.0
186,2062.0,2053.0,2030.0,2068.0
187,2062.0,2052.0,2030.0,2063.0
188,2059.0,2048.0,2030.0,2062.0
189,2062.0,2052.0,2030.0,2063.0
190,2062.0,2053.0,2030.0,2068.0
191,2062.0,2052.0,2030.0,2063.0
192,2062.0,2052.0,2030.0,2063.0
193,2062.0,2053.0,2030.0,2068.0
194,2062.0,2053.0,2030.0,2063.0
195,2062.0,2052.0,2030.0,2063.0
196,2067.0,2053.0,2030.0,2068.0
197,2067.0,2053.0,2030.0,2068.0
198,2067.0,2053.0,2030.0,2068.0
199,2067.0,2053.0,2030.0,2068.0
200,2067.0,2053.0,2030.0,2068.0
201,2067.0,2053.0,2030.0,2068.0
202,2062.0,2053.0,2030.0,2068.0
203,2067.0,2053.0,2030.0,2068.0
204,2062.0,2053.0,2030.0,2063.0
205,2067.0,2053.0,2030.0,2068.0
206,2062.0,2053.0,2030.0,2068.0
207,2062.0,2053.0,2030.0,2063.0
208,2062.0,2053.0,2030.0,2068.0
209,2067.0,2053.0,2030.0,2068.0
210,2062.0,2053.0,2030.0,2063.0
211,2062.0,2052.0,2030.0,2063.0
212,2062.0,2052.0,2030.0,2063.0
213,2062.0,2052.0,2030.0,2063.0
214,2062.0,2053.0,2030.0,2063.0
215,2062.0,2053.0,2030.0,2063.0
216,2065.0,2020.0,2022.0,2013.0
217,,2020.0,2022.0,2013.0
218,,2020.0,2023.0,2013.0
219,2052.0,2020.0,2022.0,2013.0
220,2055.0,2020.0,2022.0,2013.0
221,2063.0,2020.0,2022.0,2013.0
222,,2020.0,2023.0,2013.0
223,,2020.0,2023.0,2013.0
224,,2020.0,2022.0,2013.0
225,,2020.0,2023.0,2013.0
226,,2020.0,2023.0,2013.0
227,,2020.0,2022.0,2013.0
228,,2020.0,2022.0,2013.0
229,,2020.0,2023.0,2013.0
230,,2020.0,2023.0,2013.0
231,,2020.0,2022.0,2013.0
232,,2020.0,2023.0,2013.0
233,,2020.0,2023.0,2013.0
234,,2020.0,2023.0,2013.0
235,,2020.0,2023.0,2013.0
236,,2020.0,2023.0,2013.0
237,,2020.0,2023.0,2013.0
238,,2020.0,2022.0,2013.0
239,,2020.0,2023.0,2013.0
240,,2020.0,2023.0,2013.0
241,,2020.0,2023.0,2013.0
242,,2020.0,2023.0,2013.0
243,,2020.0,2023.0,2013.0
244,,2020.0,2023.0,2013.0
245,,2020.0,2023.0,2013.0
246,,2020.0,2023.0,2013.0
247,,2020.0,2023.0,2013.0
248,,2020.0,2022.0,2013.0
249,,2020.0,2022.0,2013.0
250,,2020.0,2023.0,2013.0
251,,2020.0,2023.0,2013.0
252,2028.0,2053.0,2013.0,2055.0
253,2028.0,2058.0,2013.0,2072.0
254,2055.0,2058.0,2013.0,2073.0
255,2027.0,2045.0,2013.0,2039.0
256,2028.0,2047.0,2013.0,2041.0
257,2028.0,2052.0,2013.0,2055.0
258,2028.0,2059.0,2013.0,2075.0
259,2028.0,2058.0,2013.0,2074.0
260,2028.0,2058.0,2013.0,2074.0
261,2028.0,2058.0,2013.0,2074.0
262,2028.0,2058.0,2013.0,2075.0
263,2028.0,2058.0,2013.0,2074.0
264,2028.0,2058.0,2013.0,2074.0
265,2028.0,2059.0,2013.0,2075.0
266,2028.0,2058.0,2013.0,2075.0
267,2028.0,2058.0,2013.0,2074.0
268,2060.0,2059.0,2013.0,2077.0
269,2028.0,2059.0,2013.0,2076.0
270,2060.0,2059.0,2013.0,2076.0
271,2060.0,2059.0,2013.0,2076.0
272,2060.0,2059.0,2013.0,2076.0
273,2060.0,2059.0,2013.0,2076.0
274,2028.0,2059.0,2013.0,2075.0
275,2060.0,2061.0,2013.0,2078.0
276,2028.0,2059.0,2013.0,2075.0
277,2060.0,2059.0,2013.0,2076.0
278,2028.0,2059.0,2013.0,2075.0
279,2060.0,2058.0,2013.0,2075.0
280,2028.0,2059.0,2013.0,2075.0
281,2060.0,2059.0,2013.0,2075.0
282,2052.0,2059.0,2013.0,2075.0
283,2028.0,2058.0,2013.0,2075.0
284,2028.0,2058.0,2013.0,2075.0
285,2028.0,2058.0,2013.0,2075.0
286,2028.0,2058.0,2013.0,2075.0
287,2028.0,2058.0,2013.0,2075.0
288,2009.0,2057.0,2077.0,2060.0
289,2009.0,2067.0,2083.0,2067.0
290,2009.0,2068.0,2085.0,2071.0
291,2009.0,2049.0,2053.0,2047.0
292,2009.0,2054.0,2062.0,2052.0
293,2009.0,2056.0,2076.0,2055.0
294,2009.0,2077.0,2092.0,2075.0
295,2009.0,2068.0,2086.0,2072.0
296,2009.0,2068.0,2086.0,2071.0
297,2009.0,2075.0,2086.0,2072.0
298,2009.0,2077.0,2092.0,2072.0
299,2009.0,2068.0,2086.0,2072.0
300,2009.0,2068.0,2086.0,2071.0
301,2009.0,2077.0,2092.0,2075.0
302,2009.0,2075.0,2094.0,2075.0
303,2009.0,2075.0,2092.0,2072.0
304,2009.0,2092.0,2094.0,2076.0
305,2009.0,2092.0,2094.0,2076.0
306,2009.0,2086.0,2094.0,2076.0
307,2009.0,2086.0,2094.0,2076.0
308,2009.0,2086.0,2094.0,2076.0
309,2009.0,2092.0,2094.0,2076.0
310,2009.0,2077.0,2092.0,2076.0
311,2009.0,2092.0,2094.0,2076.0
312,2009.0,2077.0,2092.0,2075.0
313,2009.0,2086.0,2094.0,2076.0
314,2009.0,2077.0,2094.0,2076.0
315,2009.0,2077.0,2092.0,2075.0
316,2009.0,2077.0,2092.0,2075.0
317,2009.0,2086.0,2094.0,2076.0
318,2009.0,2077.0,2092.0,2072.0
319,2009.0,2075.0,2092.0,2072.0
320,2009.0,2075.0,2092.0,2072.0
321,2009.0,2075.0,2092.0,2072.0
322,2009.0,2077.0,2092.0,2075.0
323,2009.0,2075.0,2092.0,2076.0
324,2022.0,2027.0,2028.0,2036.0
325,2021.0,2027.0,2028.0,2037.0
326,2024.0,2027.0,2063.0,2037.0
327,2021.0,2026.0,2027.0,2033.0
328,2021.0,2027.0,2028.0,2034.0
329,2021.0,2027.0,2028.0,2034.0
330,2022.0,2027.0,2028.0,2037.0
331,2022.0,2027.0,2028.0,2037.0
332,2022.0,2027.0,2028.0,2037.0
333,2022.0,2027.0,2028.0,2037.0
334,2022.0,2027.0,2028.0,2037.0
335,2022.0,2027.0,2028.0,2037.0
336,2022.0,2027.0,2028.0,2037.0
337,2022.0,2027.0,2028.0,2037.0
338,2022.0,2027.0,2028.0,2037.0
339,2022.0,2027.0,2028.0,2037.0
340,2022.0,2027.0,2028.0,2037.0
341,2022.0,2027.0,2028.0,2037.0
342,2022.0,2027.0,2028.0,2037.0
343,2024.0,2027.0,2028.0,2037.0
344,2024.0,2027.0,2028.0,2037.0
345,2022.0,2027.0,2028.0,2037.0
346,2022.0,2027.0,2028.0,2037.0
347,2022.0,2027.0,2028.0,2037.0
348,2022.0,2027.0,2028.0,2037.0
349,2024.0,2027.0,2028.0,2037.0
350,2022.0,2027.0,2028.0,2037.0
351,2024.0,2027.0,2028.0,2037.0
352,2022.0,2027.0,2028.0,2037.0
353,2024.0,2027.0,2028.0,2037.0
354,2022.0,2027.0,2028.0,2037.0
355,2022.0,2027.0,2028.0,2037.0
356,2022.0,2027.0,2028.0,2037.0
357,2022.0,2027.0,2028.0,2037.0
358,2022.0,2027.0,2028.0,2037.0
359,2022.0,2027.0,2028.0,2037.0
360,2070.0,2056.0,2030.0,2041.0
361,2084.0,2065.0,2030.0,2049.0
362,,2065.0,2030.0,2051.0
363,2051.0,2041.0,2027.0,2036.0
364,2056.0,2047.0,2028.0,2038.0
365,2069.0,2054.0,2028.0,2038.0
366,,2066.0,2030.0,2051.0
367,,2065.0,2030.0,2050.0
368,,2065.0,2030.0,2049.0
369,,2065.0,2030.0,2050.0
370,,2065.0,2030.0,2051.0
371,,2065.0,2030.0,2050.0
372,,2065.0,2030.0,2050.0
373,,2066.0,2030.0,2051.0
374,,2065.0,2030.0,2050.0
375,,2065.0,2030.0,2050.0
376,,2079.0,2030.0,2053.0
377,,2079.0,2030.0,2051.0
378,,2079.0,2030.0,2052.0
379,,2079.0,2030.0,2053.0
380,,2079.0,2030.0,2053.0
381,,2079.0,2030.0,2052.0
382,,2067.0,2030.0,2051.0
383,,2079.0,2030.0,2053.0
384,,2065.0,2030.0,2051.0
385,,2079.0,2030.0,2052.0
386,,2066.0,2030.0,2051.0
387,,2065.0,2030.0,2051.0
388,,2066.0,2030.0,2051.0
389,,2072.0,2030.0,2052.0
390,,2065.0,2030.0,2051.0
391,,2065.0,2030.0,2050.0
392,,2065.0,2030.0,2050.0
393,,2065.0,2030.0,2050.0
394,,2065.0,2030.0,2051.0
395,,2065.0,2030.0,2050.0
396,2011.0,2062.0,2039.0,2064.0
397,2011.0,2085.0,2026.0,2081.0
398,2011.0,2086.0,2040.0,2081.0
399,2011.0,2042.0,2026.0,2050.0
400,2011.0,2047.0,2026.0,2054.0
401,2011.0,2054.0,2026.0,2059.0
402,2011.0,2091.0,2040.0,2087.0
403,2011.0,2089.0,2040.0,2087.0
404,2011.0,2088.0,2040.0,2083.0
405,2011.0,2089.0,2040.0,2087.0
406,2011.0,2091.0,2040.0,2087.0
407,2011.0,2089.0,2040.0,2087.0
408,2011.0,2089.0,2040.0,2087.0
409,2011.0,2091.0,2040.0,2087.0
410,2011.0,2091.0,2040.0,2087.0
411,2011.0,2091.0,2040.0,2087.0
412,2011.0,,2040.0,2089.0
413,2011.0,,2040.0,2089.0
414,2011.0,2091.0,2040.0,2089.0
415,2011.0,2091.0,2040.0,2089.0
416,2011.0,2091.0,2040.0,2089.0
417,2011.0,,2040.0,2089.0
418,2011.0,2091.0,2040.0,2087.0
419,2011.0,,2040.0,2089.0
420,2011.0,2091.0,2040.0,2087.0
421,2011.0,,2040.0,2089.0
422,2011.0,2091.0,2040.0,2087.0
423,2011.0,2091.0,2040.0,2087.0
424,2011.0,2091.0,2040.0,2087.0
425,2011.0,2091.0,2040.0,2089.0
426,2011.0,2091.0,2040.0,2087.0
427,2011.0,2091.0,2040.0,2087.0
428,2011.0,2091.0,2040.0,2087.0
429,2011.0,2091.0,2040.0,2087.0
430,2011.0,2089.0,2040.0,2087.0
431,2011.0,2091.0,2040.0,2087.0
432,2024.0,2039.0,2037.0,2023.0
433,2024.0,2039.0,2038.0,2023.0
434,2024.0,2042.0,2038.0,2037.0
435,2024.0,2032.0,2034.0,2023.0
436,2024.0,2036.0,2036.0,2023.0
437,2024.0,2038.0,2036.0,2023.0
438,2024.0,2040.0,2038.0,2024.0
439,2024.0,2040.0,2038.0,2037.0
440,2024.0,2040.0,2038.0,2024.0
441,2024.0,2040.0,2038.0,2037.0
442,2024.0,2040.0,2038.0,2024.0
443,2024.0,2040.0,2038.0,2024.0
444,2024.0,2040.0,2038.0,2023.0
445,2024.0,2040.0,2038.0,2024.0
446,2024.0,2040.0,2038.0,2024.0
447,2024.0,2040.0,2038.0,2037.0
448,2024.0,2042.0,2038.0,2037.0
449,2024.0,2040.0,2038.0,2024.0
450,2024.0,2042.0,2038.0,2024.0
451,2024.0,2042.0,2038.0,2037.0
452,2024.0,2042.0,2038.0,2037.0
453,2024.0,2042.0,2038.0,2024.0
454,2024.0,2040.0,2038.0,2024.0
455,2024.0,2042.0,2038.0,2037.0
456,2024.0,2040.0,2038.0,2037.0
457,2024.0,2042.0,2038.0,2037.0
458,2024.0,2040.0,2038.0,2037.0
459,2024.0,2040.0,2038.0,2037.0
460,2024.0,2042.0,2038.0,2024.0
461,2024.0,2042.0,2038.0,2037.0
462,2024.0,2040.0,2038.0,2024.0
463,2024.0,2040.0,2038.0,2024.0
464,2024.0,2040.0,2038.0,2023.0
465,2024.0,2040.0,2038.0,2024.0
466,2024.0,2040.0,2038.0,2037.0
467,2024.0,2040.0,2038.0,2024.0
468,2017.0,2037.0,2012.0,2008.0
469,2017.0,2037.0,2012.0,2008.0
470,2017.0,2037.0,2012.0,2008.0
471,2017.0,2033.0,2012.0,2008.0
472,2017.0,2034.0,2012.0,2008.0
473,2017.0,2035.0,2012.0,2008.0
474,2017.0,2037.0,2012.0,2008.0
475,2017.0,2037.0,2012.0,2008.0
476,2017.0,2037.0,2012.0,2008.0
477,2017.0,2037.0,2012.0,2008.0
478,2017.0,2037.0,2012.0,2008.0
479,2017.0,2037.0,2012.0,2008.0
480,2017.0,2037.0,2012.0,2008.0
481,2017.0,2037.0,2012.0,2008.0
482,2017.0,2037.0,2012.0,2008.0
483,2017.0,2037.0,2012.0,2008.0
484,2017.0,2037.0,2012.0,2008.0
485,2017.0,2037.0,2012.0,2008.0
486,2017.0,2037.0,2012.0,2008.0
487,2017.0,2037.0,2012.0,2008.0
488,2017.0,2037.0,2012.0,2008.0
489,2017.0,2037.0,2012.0,2008.0
490,2017.0,2037.0,2012.0,2008.0
491,2017.0,2037.0,2012.0,2008.0
492,2017.0,2037.0,2012.0,2008.0
493,2017.0,2037.0,2012.0,2008.0
494,2017.0,2037.0,2012.0,2008.0
495,2017.0,2037.0,2012.0,2008.0
496,2017.0,2037.0,2012.0,2008.0
497,2017.0,2037.0,2012.0,2008.0
498,2017.0,2037.0,2012.0,2008.0
499,2017.0,2037.0,2012.0,2008.0
500,2017.0,2037.0,2012.0,2008.0
501,2017.0,2037.0,2012.0,2008.0
502,2017.0,2037.0,2012.0,2008.0
503,2017.0,2037.0,2012.0,2008.0
504,2031.0,2010.0,2035.0,2012.0
505,2031.0,2010.0,2035.0,2012.0
506,2033.0,2010.0,2036.0,2012.0
507,2029.0,2010.0,2034.0,2012.0
508,2031.0,2010.0,2035.0,2012.0
509,2031.0,2010.0,2035.0,2012.0
510,2033.0,2010.0,2035.0,2012.0
511,2033.0,2010.0,2035.0,2012.0
512,2031.0,2010.0,2035.0,2012.0
513,2033.0,2010.0,2035.0,2012.0
514,2033.0,2010.0,2035.0,2012.0
515,2033.0,2010.0,2035.0,2012.0
516,2031.0,2010.0,2035.0,2012.0
517,2033.0,2010.0,2035.0,2012.0
518,2033.0,2010.0,2035.0,2012.0
519,2033.0,2010.0,2035.0,2012.0
520,2033.0,2010.0,2035.0,2012.0
521,2033.0,2010.0,2035.0,2012.0
522,2033.0,2010.0,2035.0,2012.0
523,2033.0,2010.0,2035.0,2012.0
524,2033.0,2010.0,2035.0,2012.0
525,2033.0,2010.0,2035.0,2012.0
526,2033.0,2010.0,2035.0,2012.0
527,2033.0,2010.0,2035.0,2012.0
528,2033.0,2010.0,2035.0,2012.0
529,2033.0,2010.0,2035.0,2012.0
530,2033.0,2010.0,2035.0,2012.0
531,2033.0,2010.0,2035.0,2012.0
532,2033.0,2010.0,2035.0,2012.0
533,2033.0,2010.0,2035.0,2012.0
534,2033.0,2010.0,2035.0,2012.0
535,2031.0,2010.0,2035.0,2012.0
536,2033.0,2010.0,2035.0,2012.0
537,2031.0,2010.0,2035.0,2012.0
538,2033.0,2010.0,2035.0,2012.0
539,2031.0,2010.0,2035.0,2012.0
540,2029.0,2027.0,2020.0,2061.0
541,2029.0,2027.0,2019.0,2077.0
542,2032.0,2027.0,2054.0,2077.0
543,2022.0,2027.0,2020.0,2046.0
544,2022.0,2027.0,2020.0,2049.0
545,2022.0,2027.0,2020.0,2059.0
546,2032.0,2027.0,2020.0,2078.0
547,2032.0,2027.0,2020.0,2078.0
548,2031.0,2027.0,2020.0,2078.0
549,2032.0,2027.0,2020.0,2078.0
550,2032.0,2027.0,2020.0,2078.0
551,2031.0,2027.0,2020.0,2078.0
552,2031.0,2027.0,2020.0,2078.0
553,2032.0,2027.0,2020.0,2078.0
554,2032.0,2027.0,2020.0,2078.0
555,2032.0,2027.0,2020.0,2078.0
556,2032.0,2027.0,2020.0,2079.0
557,2032.0,2027.0,2020.0,2078.0
558,2032.0,2027.0,2020.0,2079.0
559,2032.0,2027.0,2020.0,2079.0
560,2032.0,2027.0,2020.0,2079.0
561,2032.0,2027.0,2020.0,2079.0
562,2032.0,2027.0,2020.0,2078.0
563,2032.0,2027.0,2020.0,2079.0
564,2032.0,2027.0,2020.0,2078.0
565,2032.0,2027.0,2020.0,2079.0
566,2032.0,2027.0,2020.0,2078.0
567,2032.0,2027.0,2020.0,2078.0
568,2032.0,2027.0,2020.0,2078.0
569,2032.0,2027.0,2020.0,2078.0
570,2032.0,2027.0,2020.0,2078.0
571,2032.0,2027.0,2020.0,2078.0
572,2032.0,2027.0,2020.0,2078.0
573,2032.0,2027.0,2020.0,2078.0
574,2032.0,2027.0,2020.0,2078.0
575,2032.0,2027.0,2020.0,2078.0
576,2015.0,2071.0,,2035.0
577,2015.0,2082.0,,2035.0
578,2035.0,2084.0,,2057.0
579,2015.0,2055.0,,2033.0
580,2015.0,2062.0,,2034.0
581,2015.0,2066.0,,2035.0
582,2015.0,2091.0,,2036.0
583,2015.0,2091.0,,2036.0
584,2015.0,2091.0,,2036.0
585,2015.0,2091.0,,2036.0
586,2015.0,2091.0,,2036.0
587,2015.0,2091.0,,2036.0
588,2015.0,2091.0,,2036.0
589,2015.0,2091.0,,2036.0
590,2015.0,2092.0,,2036.0
591,2015.0,2091.0,,2036.0
592,2015.0,,,2036.0
593,2015.0,,,2036.0
594,2015.0,,,2059.0
595,2015.0,,,2059.0
596,2015.0,,,2059.0
597,2015.0,,,2059.0
598,2015.0,2092.0,,2036.0
599,2015.0,,,2059.0
600,2015.0,2092.0,,2036.0
601,2015.0,,,2057.0
602,2015.0,2092.0,,2036.0
603,2015.0,2092.0,,2057.0
604,2015.0,2091.0,,2036.0
605,2015.0,2092.0,,2057.0
606,2015.0,2092.0,,2036.0
607,2015.0,2091.0,,2036.0
608,2015.0,2092.0,,2036.0
609,2015.0,2091.0,,2036.0
610,2015.0,2091.0,,2036.0
611,2015.0,2092.0,,2036.0
612,2019.0,2053.0,,2045.0
613,2019.0,2059.0,,2059.0
614,2019.0,2059.0,,2060.0
615,2019.0,2038.0,,2034.0
616,2019.0,2040.0,,2036.0
617,2019.0,2043.0,,2043.0
618,2019.0,2059.0,,2060.0
619,2019.0,2059.0,,2060.0
620,2019.0,2059.0,,2059.0
621,2019.0,2059.0,,2060.0
622,2019.0,2059.0,,2060.0
623,2019.0,2059.0,,2060.0
624,2019.0,2059.0,,2060.0
625,2019.0,2059.0,,2060.0
626,2019.0,2059.0,,2060.0
627,2019.0,2059.0,,2060.0
628,2019.0,2059.0,,2061.0
629,2019.0,2059.0,,2060.0
630,2019.0,2059.0,,2060.0
631,2019.0,2059.0,,2061.0
632,2019.0,2059.0,,2061.0
633,2019.0,2059.0,,2060.0
634,2019.0,2059.0,,2060.0
635,2019.0,2059.0,,2069.0
636,2019.0,2059.0,,2060.0
637,2019.0,2059.0,,2060.0
638,2019.0,2059.0,,2060.0
639,2019.0,2059.0,,2060.0
640,2019.0,2059.0,,2060.0
641,2019.0,2059.0,,2060.0
642,2019.0,2059.0,,2060.0
643,2019.0,2059.0,,2060.0
644,2019.0,2059.0,,2060.0
645,2019.0,2059.0,,2060.0
646,2019.0,2059.0,,2060.0
647,2019.0,2059.0,,2060.0
648,2030.0,2024.0,,2026.0
649,2030.0,2023.0,,2026.0
650,2043.0,2028.0,,2027.0
651,2029.0,2023.0,,2026.0
652,2030.0,2023.0,,2026.0
653,2030.0,2023.0,,2026.0
654,2035.0,2024.0,,2026.0
655,2035.0,2024.0,,2026.0
656,2030.0,2024.0,,2026.0
657,2035.0,2024.0,,2026.0
658,2035.0,2024.0,,2026.0
659,2030.0,2024.0,,2026.0
660,2030.0,2024.0,,2026.0
661,2035.0,2024.0,,2026.0
662,2035.0,2024.0,,2026.0
663,2035.0,2024.0,,2026.0
664,2035.0,2024.0,,2026.0
665,2035.0,2024.0,,2026.0
666,2035.0,2024.0,,2026.0
667,2035.0,2024.0,,2026.0
668,2035.0,2024.0,,2026.0
669,2035.0,2024.0,,2026.0
670,2035.0,2024.0,,2026.0
671,2035.0,2024.0,,2026.0
672,2035.0,2024.0,,2026.0
673,2035.0,2025.0,,2026.0
674,2035.0,2024.0,,2026.0
675,2035.0,2025.0,,2026.0
676,2035.0,2024.0,,2026.0
677,2035.0,2025.0,,2026.0
678,2035.0,2024.0,,2026.0
679,2035.0,2024.0,,2026.0
680,2035.0,2024.0,,2026.0
681,2035.0,2024.0,,2026.0
682,2035.0,2024.0,,2026.0
683,2035.0,2024.0,,2026.0
684,2014.0,2016.0,,2045.0
685,2014.0,2016.0,,2046.0
686,2014.0,2016.0,,2049.0
687,2014.0,2016.0,,2039.0
688,2014.0,2016.0,,2042.0
689,2014.0,2016.0,,2043.0
690,2014.0,2016.0,,2049.0
691,2014.0,2016.0,,2049.0
692,2014.0,2016.0,,2046.0
693,2014.0,2016.0,,2049.0
694,2014.0,2016.0,,2049.0
695,2014.0,2016.0,,2047.0
696,2014.0,2016.0,,2047.0
697,2014.0,2016.0,,2049.0
698,2014.0,2016.0,,2049.0
699,2014.0,2016.0,,2047.0
700,2014.0,2016.0,,2049.0
701,2014.0,2016.0,,2049.0
702,2014.0,2016.0,,2049.0
703,2014.0,2016.0,,2055.0
704,2014.0,2016.0,,2055.0
705,2014.0,2016.0,,2049.0
706,2014.0,2016.0,,2049.0
707,2014.0,2016.0,,2055.0
708,2014.0,2016.0,,2049.0
709,2014.0,2016.0,,2055.0
710,2014.0,2016.0,,2049.0
711,2014.0,2016.0,,2049.0
712,2014.0,2016.0,,2049.0
713,2014.0,2016.0,,2055.0
714,2014.0,2016.0,,2049.0
715,2014.0,2016.0,,2049.0
716,2014.0,2016.0,,2049.0
717,2014.0,2016.0,,2049.0
718,2014.0,2016.0,,2049.0
719,2014.0,2016.0,,2049.0
720,2034.0,2043.0,,2015.0
721,2034.0,2043.0,,2014.0
722,2041.0,2047.0,,2015.0
723,2032.0,2030.0,,2014.0
724,2033.0,2030.0,,2014.0
725,2033.0,2030.0,,2014.0
726,2039.0,2047.0,,2014.0
727,2039.0,2046.0,,2014.0
728,2034.0,2043.0,,2014.0
729,2039.0,2046.0,,2014.0
730,2039.0,2047.0,,2014.0
731,2034.0,2043.0,,2014.0
732,2034.0,2046.0,,2013.0
733,2039.0,2047.0,,2014.0
734,2039.0,2046.0,,2014.0
735,2039.0,2046.0,,2014.0
736,2040.0,2048.0,,2013.0
737,2039.0,2046.0,,2014.0
738,2040.0,2048.0,,2014.0
739,2040.0,2048.0,,2014.0
740,2040.0,2048.0,,2014.0
741,2040.0,2047.0,,2014.0
742,2039.0,2046.0,,2014.0
743,2040.0,2048.0,,2013.0
744,2039.0,2046.0,,2014.0
745,2039.0,2047.0,,2014.0
746,2039.0,2046.0,,2014.0
747,2039.0,2047.0,,2014.0
748,2039.0,2047.0,,2014.0
749,2040.0,2048.0,,2014.0
750,2039.0,2047.0,,2013.0
751,2039.0,2046.0,,2013.0
752,2039.0,2046.0,,2014.0
753,2039.0,2046.0,,2014.0
754,2039.0,2046.0,,2014.0
755,2039.0,2047.0,,2013.0
756,,2054.0,,2013.0
757,,2070.0,,2013.0
758,,2071.0,,2013.0
759,,2046.0,,2013.0
760,,2047.0,,2013.0
761,,2051.0,,2013.0
762,,2097.0,,2013.0
763,,2074.0,,2013.0
764,,2073.0,,2013.0
765,,2074.0,,2013.0
766,,2074.0,,2013.0
767,,2074.0,,2013.0
768,,2074.0,,2013.0
769,,2097.0,,2013.0
770,,2074.0,,2013.0
771,,2074.0,,2013.0
772,,,,2013.0
773,,2098.0,,2013.0
774,,2098.0,,2013.0
775,,2098.0,,2013.0
776,,2098.0,,2013.0
777,,,,2013.0
778,,2097.0,,2013.0
779,,,,2013.0
780,,2074.0,,2013.0
781,,,,2013.0
782,,2097.0,,2013.0
783,,2074.0,,2013.0
784,,2097.0,,2013.0
785,,2098.0,,2013.0
786,,2074.0,,2013.0
787,,2074.0,,2013.0
788,,2074.0,,2013.0
789,,2074.0,,2013.0
790,,2074.0,,2013.0
791,,2074.0,,2013.0
792,,2009.0,,2038.0
793,,2009.0,,2042.0
794,,2009.0,,2043.0
795,,2009.0,,2032.0
796,,2009.0,,2034.0
797,,2009.0,,2037.0
798,,2009.0,,2043.0
799,,2009.0,,2042.0
800,,2009.0,,2042.0
801,,2009.0,,2042.0
802,,2009.0,,2043.0
803,,2009.0,,2042.0
804,,2009.0,,2042.0
805,,2009.0,,2043.0
806,,2009.0,,2042.0
807,,2009.0,,2042.0
808,,2009.0,,2043.0
809,,2009.0,,2043.0
810,,2009.0,,2043.0
811,,2009.0,,2044.0
812,,2009.0,,2044.0
813,,2009.0,,2043.0
814,,2009.0,,2043.0
815,,2009.0,,2044.0
816,,2009.0,,2043.0
817,,2009.0,,2043.0
818,,2009.0,,2043.0
819,,2009.0,,2042.0
820,,2009.0,,2043.0
821,,2009.0,,2043.0
822,,2009.0,,2043.0
823,,2009.0,,2042.0
824,,2009.0,,2042.0
825,,2009.0,,2042.0
826,,2009.0,,2042.0
827,,2009.0,,2042.0
828,,2010.0,,2035.0
829,,2010.0,,2034.0
830,,2010.0,,2036.0
831,,2010.0,,2032.0
832,,2010.0,,2033.0
833,,2010.0,,2033.0
834,,2010.0,,2036.0
835,,2010.0,,2036.0
836,,2010.0,,2036.0
837,,2010.0,,2036.0
838,,2010.0,,2036.0
839,,2010.0,,2035.0
840,,2010.0,,2035.0
841,,2010.0,,2036.0
842,,2010.0,,2036.0
843,,2010.0,,2036.0
844,,2010.0,,2036.0
845,,2010.0,,2036.0
846,,2010.0,,2036.0
847,,2010.0,,2036.0
848,,2010.0,,2036.0
849,,2010.0,,2036.0
850,,2010.0,,2036.0
851,,2010.0,,2036.0
852,,2010.0,,2036.0
853,,2010.0,,2036.0
854,,2010.0,,2036.0
855,,2010.0,,2036.0
856,,2010.0,,2036.0
857,,2010.0,,2036.0
858,,2010.0,,2036.0
859,,2010.0,,2036.0
860,,2010.0,,2035.0
861,,2010.0,,2036.0
862,,2010.0,,2036.0
863,,2010.0,,2036.0
864,,2041.0,,2037.0
865,,2049.0,,2037.0
866,,2057.0,,2038.0
867,,2033.0,,2034.0
868,,2034.0,,2036.0
869,,2034.0,,2036.0
870,,2057.0,,2038.0
871,,2052.0,,2038.0
872,,2049.0,,2038.0
873,,2052.0,,2038.0
874,,2057.0,,2038.0
875,,2051.0,,2038.0
876,,2051.0,,2038.0
877,,2057.0,,2038.0
878,,2052.0,,2038.0
879,,2051.0,,2038.0
880,,2057.0,,2038.0
881,,2057.0,,2038.0
882,,2057.0,,2038.0
883,,2057.0,,2038.0
884,,2057.0,,2038.0
885,,2057.0,,2038.0
886,,2057.0,,2038.0
887,,2057.0,,2038.0
888,,2057.0,,2038.0
889,,2057.0,,2038.0
890,,2057.0,,2038.0
891,,2057.0,,2038.0
892,,2057.0,,2038.0
893,,2057.0,,2038.0
894,,2057.0,,2038.0
895,,2052.0,,2038.0
896,,2052.0,,2038.0
897,,2052.0,,2038.0
898,,2057.0,,2038.0
899,,2057.0,,2038.0
900,,2042.0,,2039.0
901,,2042.0,,2039.0
902,,2044.0,,2040.0
903,,2034.0,,2032.0
904,,2036.0,,2034.0
905,,2037.0,,2035.0
906,,2043.0,,2040.0
907,,2043.0,,2040.0
908,,2043.0,,2040.0
909,,2043.0,,2040.0
910,,2043.0,,2040.0
911,,2043.0,,2040.0
912,,2043.0,,2040.0
913,,2043.0,,2040.0
914,,2043.0,,2040.0
915,,2043.0,,2040.0
916,,2043.0,,2040.0
917,,2043.0,,2040.0
918,,2043.0,,2040.0
919,,2044.0,,2040.0
920,,2044.0,,2040.0
921,,2043.0,,2040.0
922,,2043.0,,2040.0
923,,2044.0,,2040.0
924,,2043.0,,2040.0
925,,2043.0,,2040.0
926,,2043.0,,2040.0
927,,2043.0,,2040.0
928,,2043.0,,2040.0
929,,2043.0,,2040.0
930,,2043.0,,2040.0
931,,2043.0,,2040.0
932,,2043.0,,2040.0
933,,2043.0,,2040.0
934,,2043.0,,2040.0
935,,2043.0,,2040.0
936,,2011.0,,2055.0
937,,2011.0,,2056.0
938,,2011.0,,2057.0
939,,2011.0,,2038.0
940,,2011.0,,2053.0
941,,2011.0,,2053.0
942,,2011.0,,2056.0
943,,2011.0,,2056.0
944,,2011.0,,2056.0
945,,2011.0,,2056.0
946,,2011.0,,2056.0
947,,2011.0,,2056.0
948,,2011.0,,2056.0
949,,2011.0,,2056.0
950,,2011.0,,2056.0
951,,2011.0,,2056.0
952,,2011.0,,2057.0
953,,2011.0,,2056.0
954,,2011.0,,2057.0
955,,2011.0,,2057.0
956,,2011.0,,2057.0
957,,2011.0,,2057.0
958,,2011.0,,2056.0
959,,2011.0,,2057.0
960,,2011.0,,2057.0
961,,2011.0,,2056.0
962,,2011.0,,2056.0
963,,2011.0,,2056.0
964,,2011.0,,2056.0
965,,2011.0,,2057.0
966,,2011.0,,2056.0
967,,2011.0,,2056.0
968,,2011.0,,2056.0
969,,2011.0,,2056.0
970,,2011.0,,2056.0
971,,2011.0,,2056.0
972,,2048.0,,2037.0
973,,2057.0,,2030.0
974,,2058.0,,2037.0
975,,2043.0,,2029.0
976,,2044.0,,2029.0
977,,2046.0,,2030.0
978,,2058.0,,2037.0
979,,2058.0,,2037.0
980,,2057.0,,2037.0
981,,2058.0,,2037.0
982,,2058.0,,2037.0
983,,2058.0,,2037.0
984,,2058.0,,2037.0
985,,2058.0,,2037.0
986,,2058.0,,2037.0
987,,2058.0,,2037.0
988,,2058.0,,2037.0
989,,2058.0,,2037.0
990,,2058.0,,2037.0
991,,2058.0,,2037.0
992,,2058.0,,2037.0
993,,2058.0,,2037.0
994,,2058.0,,2037.0
995,,2058.0,,2037.0
996,,2058.0,,2037.0
997,,2058.0,,2037.0
998,,2058.0,,2037.0
999,,2058.0,,2037.0
1000,,2058.0,,2037.0
1001,,2058.0,,2037.0
1002,,2058.0,,2037.0
1003,,2058.0,,2037.0
1004,,2058.0,,2037.0
1005,,2058.0,,2037.0
1006,,2058.0,,2037.0
1007,,2058.0,,2037.0
1008,,2028.0,,2040.0
1009,,2028.0,,2044.0
1010,,2030.0,,2046.0
1011,,2027.0,,2033.0
1012,,2027.0,,2033.0
1013,,2027.0,,2033.0
1014,,2029.0,,2046.0
1015,,2029.0,,2046.0
1016,,2029.0,,2045.0
1017,,2029.0,,2046.0
1018,,2029.0,,2046.0
1019,,2029.0,,2045.0
1020,,2029.0,,2045.0
1021,,2029.0,,2046.0
1022,,2029.0,,2046.0
1023,,2029.0,,2046.0
1024,,2029.0,,2046.0
1025,,2029.0,,2046.0
1026,,2029.0,,2046.0
1027,,2029.0,,2046.0
1028,,2029.0,,2046.0
1029,,2029.0,,2046.0
1030,,2029.0,,2046.0
1031,,2029.0,,2046.0
1032,,2029.0,,2046.0
1033,,2029.0,,2046.0
1034,,2029.0,,2046.0
1035,,2029.0,,2046.0
1036,,2029.0,,2046.0
1037,,2029.0,,2046.0
1038,,2029.0,,2046.0
1039,,2029.0,,2046.0
1040,,2029.0,,2046.0
1041,,2029.0,,2046.0
1042,,2029.0,,2046.0
1043,,2029.0,,2046.0
1044,,2020.0,,
1045,,2020.0,,
1046,,2040.0,,
1047,,2020.0,,
1048,,2020.0,,
1049,,2020.0,,
1050,,2020.0,,
1051,,2020.0,,
1052,,2020.0,,
1053,,2020.0,,
1054,,2020.0,,
1055,,2020.0,,
1056,,2020.0,,
1057,,2020.0,,
1058,,2020.0,,
1059,,2020.0,,
1060,,2020.0,,
1061,,2020.0,,
1062,,2020.0,,
1063,,2020.0,,
1064,,2020.0,,
1065,,2020.0,,
1066,,2020.0,,
1067,,2020.0,,
1068,,2020.0,,
1069,,2020.0,,
1070,,2020.0,,
1071,,2020.0,,
1072,,2020.0,,
1073,,2020.0,,
1074,,2020.0,,
1075,,2020.0,,
1076,,2020.0,,
1077,,2020.0,,
1078,,2020.0,,
1079,,2020.0,,
1080,,2014.0,,
1081,,2014.0,,
1082,,2014.0,,
1083,,2014.0,,
1084,,2014.0,,
1085,,2014.0,,
1086,,2014.0,,
1087,,2014.0,,
1088,,2014.0,,
1089,,2014.0,,
1090,,2014.0,,
1091,,2014.0,,
1092,,2014.0,,
1093,,2014.0,,
1094,,2014.0,,
1095,,2014.0,,
1096,,2014.0,,
1097,,2014.0,,
1098,,2014.0,,
1099,,2014.0,,
1100,,2014.0,,
1101,,2014.0,,
1102,,2014.0,,
1103,,2014.0,,
1104,,2014.0,,
1105,,2014.0,,
1106,,2014.0,,
1107,,2014.0,,
1108,,2014.0,,
1109,,2014.0,,
1110,,2014.0,,
1111,,2014.0,,
1112,,2014.0,,
1113,,2014.0,,
1114,,2014.0,,
1115,,2014.0,,
