,Model,Year
0,access1-0_rcp45,2035.0
1,access1-0_rcp85,2055.0
2,bcc-csm1-1_rcp26,2016.0
3,bcc-csm1-1_rcp45,2019.0
4,bcc-csm1-1_rcp60,2016.0
5,bcc-csm1-1_rcp85,2018.0
6,bcc-csm1-1-m_rcp45,2091.0
7,bcc-csm1-1-m_rcp85,2074.0
8,canesm2_rcp26,2020.0
9,canesm2_rcp45,
10,canesm2_rcp85,2014.0
11,ccsm4_rcp26,2034.0
12,ccsm4_rcp45,2029.0
13,ccsm4_rcp60,2035.0
14,ccsm4_rcp85,2055.0
15,cesm1-bgc_rcp45,2024.0
16,cesm1-bgc_rcp85,2068.0
17,cesm1-cam5_rcp26,
18,cesm1-cam5_rcp45,2060.0
19,cesm1-cam5_rcp60,2021.0
20,cesm1-cam5_rcp85,2021.0
21,cmcc-cm_rcp45,2061.0
22,cmcc-cm_rcp85,2083.0
23,cnrm-cm5_rcp45,2011.0
24,cnrm-cm5_rcp85,2013.0
25,csiro-mk3-6-0_rcp26,2055.0
26,csiro-mk3-6-0_rcp45,2022.0
27,csiro-mk3-6-0_rcp60,2082.0
28,csiro-mk3-6-0_rcp85,2041.0
29,fgoals-g2_rcp26,2086.0
30,fgoals-g2_rcp45,
31,fgoals-g2_rcp85,
32,fio-esm_rcp26,2096.0
33,fio-esm_rcp45,2081.0
34,fio-esm_rcp60,
35,fio-esm_rcp85,2091.0
36,gfdl-cm3_rcp26,2033.0
37,gfdl-cm3_rcp45,
38,gfdl-cm3_rcp60,2041.0
39,gfdl-cm3_rcp85,2097.0
40,gfdl-esm2g_rcp26,2006.0
41,gfdl-esm2g_rcp45,2006.0
42,gfdl-esm2g_rcp60,2023.0
43,gfdl-esm2g_rcp85,2007.0
44,gfdl-esm2m_rcp26,2037.0
45,gfdl-esm2m_rcp45,2031.0
46,gfdl-esm2m_rcp60,2061.0
47,gfdl-esm2m_rcp85,2024.0
48,giss-e2-h-cc_rcp45,2026.0
49,giss-e2-r_rcp26,2048.0
50,giss-e2-r_rcp45,2041.0
51,giss-e2-r_rcp60,
52,giss-e2-r_rcp85,2087.0
53,giss-e2-r-cc_rcp45,
54,hadgem2-ao_rcp26,
55,hadgem2-ao_rcp45,2023.0
56,hadgem2-ao_rcp60,2028.0
57,hadgem2-ao_rcp85,2046.0
58,hadgem2-cc_rcp45,2017.0
59,hadgem2-cc_rcp85,2056.0
60,hadgem2-es_rcp26,2020.0
61,hadgem2-es_rcp45,2030.0
62,hadgem2-es_rcp60,2026.0
63,hadgem2-es_rcp85,2026.0
64,inmcm4_rcp45,2027.0
65,inmcm4_rcp85,2055.0
66,ipsl-cm5a-mr_rcp26,2017.0
67,ipsl-cm5a-mr_rcp45,2013.0
68,ipsl-cm5a-mr_rcp60,2044.0
69,ipsl-cm5a-mr_rcp85,2027.0
70,ipsl-cm5b-lr_rcp45,2033.0
71,ipsl-cm5b-lr_rcp85,2049.0
72,miroc5_rcp26,2098.0
73,miroc5_rcp45,2060.0
74,miroc5_rcp60,2057.0
75,miroc5_rcp85,2020.0
76,miroc-esm_rcp26,2024.0
77,miroc-esm_rcp45,2036.0
78,miroc-esm_rcp60,2012.0
79,miroc-esm_rcp85,2034.0
80,miroc-esm-chem_rcp26,2019.0
81,miroc-esm-chem_rcp45,2008.0
82,miroc-esm-chem_rcp60,2014.0
83,miroc-esm-chem_rcp85,2015.0
84,mpi-esm-lr_rcp26,2019.0
85,mpi-esm-lr_rcp45,2054.0
86,mpi-esm-lr_rcp85,2024.0
87,mpi-esm-mr_rcp26,2048.0
88,mpi-esm-mr_rcp45,2036.0
89,mpi-esm-mr_rcp85,2063.0
90,mri-cgcm3_rcp26,
91,mri-cgcm3_rcp45,2081.0
92,mri-cgcm3_rcp85,2060.0
93,noresm1-m_rcp26,2032.0
94,noresm1-m_rcp45,2032.0
95,noresm1-m_rcp60,2023.0
96,noresm1-m_rcp85,2018.0
