,Model,Year
0,access1-0_rcp45,2035.0
1,bcc-csm1-1_rcp45,2019.0
2,bcc-csm1-1-m_rcp45,2091.0
3,canesm2_rcp45,
4,ccsm4_rcp45,2029.0
5,cesm1-bgc_rcp45,2024.0
6,cesm1-cam5_rcp45,2060.0
7,cmcc-cm_rcp45,2061.0
8,cnrm-cm5_rcp45,2011.0
9,csiro-mk3-6-0_rcp45,2022.0
10,fgoals-g2_rcp45,
11,fio-esm_rcp45,2081.0
12,gfdl-cm3_rcp45,
13,gfdl-esm2g_rcp45,2006.0
14,gfdl-esm2m_rcp45,2031.0
15,giss-e2-h-cc_rcp45,2026.0
16,giss-e2-r_rcp45,2041.0
17,giss-e2-r-cc_rcp45,
18,hadgem2-ao_rcp45,2023.0
19,hadgem2-cc_rcp45,2017.0
20,hadgem2-es_rcp45,2030.0
21,inmcm4_rcp45,2027.0
22,ipsl-cm5a-mr_rcp45,2013.0
23,ipsl-cm5b-lr_rcp45,2033.0
24,miroc5_rcp45,2060.0
25,miroc-esm_rcp45,2036.0
26,miroc-esm-chem_rcp45,2008.0
27,mpi-esm-lr_rcp45,2054.0
28,mpi-esm-mr_rcp45,2036.0
29,mri-cgcm3_rcp45,2081.0
30,noresm1-m_rcp45,2032.0
