,Model,Year
0,access1-0_rcp85,2055.0
1,bcc-csm1-1_rcp85,2018.0
2,bcc-csm1-1-m_rcp85,2074.0
3,canesm2_rcp85,2014.0
4,ccsm4_rcp85,2055.0
5,cesm1-bgc_rcp85,2068.0
6,cesm1-cam5_rcp85,2021.0
7,cmcc-cm_rcp85,2083.0
8,cnrm-cm5_rcp85,2013.0
9,csiro-mk3-6-0_rcp85,2041.0
10,fgoals-g2_rcp85,
11,fio-esm_rcp85,2091.0
12,gfdl-cm3_rcp85,2097.0
13,gfdl-esm2g_rcp85,2007.0
14,gfdl-esm2m_rcp85,2024.0
15,giss-e2-r_rcp85,2087.0
16,hadgem2-ao_rcp85,2046.0
17,hadgem2-cc_rcp85,2056.0
18,hadgem2-es_rcp85,2026.0
19,inmcm4_rcp85,2055.0
20,ipsl-cm5a-mr_rcp85,2027.0
21,ipsl-cm5b-lr_rcp85,2049.0
22,miroc5_rcp85,2020.0
23,miroc-esm_rcp85,2034.0
24,miroc-esm-chem_rcp85,2015.0
25,mpi-esm-lr_rcp85,2024.0
26,mpi-esm-mr_rcp85,2063.0
27,mri-cgcm3_rcp85,2060.0
28,noresm1-m_rcp85,2018.0
