,Model,Year
0,bcc-csm1-1_rcp26,2016.0
1,canesm2_rcp26,2020.0
2,ccsm4_rcp26,2034.0
3,cesm1-cam5_rcp26,
4,csiro-mk3-6-0_rcp26,2055.0
5,fgoals-g2_rcp26,2086.0
6,fio-esm_rcp26,2096.0
7,gfdl-cm3_rcp26,2033.0
8,gfdl-esm2g_rcp26,2006.0
9,gfdl-esm2m_rcp26,2037.0
10,giss-e2-r_rcp26,2048.0
11,hadgem2-ao_rcp26,
12,hadgem2-es_rcp26,2020.0
13,ipsl-cm5a-mr_rcp26,2017.0
14,miroc5_rcp26,2098.0
15,miroc-esm_rcp26,2024.0
16,miroc-esm-chem_rcp26,2019.0
17,mpi-esm-lr_rcp26,2019.0
18,mpi-esm-mr_rcp26,2048.0
19,mri-cgcm3_rcp26,
20,noresm1-m_rcp26,2032.0
